segmentnr	original	analyzed	translated
['MBsatcakranirnayaHK-0']	Muktabodha Etext in UTF	muktabodha etext in utf	Muktabodha Text in UTF-8
['MBsatcakranirnayaHK-1']	MUKTABODHA INDOLOGICAL RESEARCH INSTITUTEwww /muktabodha /org Muktabodha Indological Research Institute All Rights Reserved /Etexts may be viewed only online or downloaded for private study /Etexts may not / under any circumstances / be copied / republished /reproduced / distributed or sold / either in original or altered form / withoutthe express permission of Muktabodha Indological Research Institute in writing /Dataentered by the staff of Muktabodha under the direction of Mark S / G / Dyczkowski /Catalog number /	muktabodha indological research muktabodha indological research institute all rights reserved texts may be viewed only online or downloaded for private studye texts may not under any circumstances be copied republished reproduced distributed or sold either in original or altered form withoutthe express permission of muktabodha indological research institute in writing data entered by the staff of muktabodha under the direction of mark s g dyczkowskicatalog number  /	Muktabodha Indological Research Institute www.muktabodha.org Muktabodha Indological Research Institute. All Rights Reserved. Texts may be viewed online or downloaded for private study. Texts may not be otherwise copied, republished, redistributed, or resold, either in whole or in part, in any form, without the prior written permission of Muktabodha Indological Research Institute. Entered by the Muktabodha staff under the direction of Mark S. G. Dyczkowski. Catalogue Number:
['MBsatcakranirnayaHK-2']	Uniform title / á¹£aá¹­cakranirá¹‡aya	uniform title á¹£aá¹­cakra nirá¹‡aya 	Uniform Title: á¹¢aá¹­cakriniÅ›caya
['MBsatcakranirnayaHK-3']	Manuscript / BHU	manuscript bhu 	Manuscript: Bhu
['MBsatcakranirnayaHK-4']	Notes / Data entered by the staff of Muktabodha under the supervision of Mark S /G / Dyczkowski /	notes data entered by the staff muktabodha under the supervision of mark sg dyczkowski 	Notes: Data entered by the staff of Muktabodha under the supervision of Mark S. G. Dyczkowski.
['MBsatcakranirnayaHK-5']	Revision / April /	revision april 	Revision: April 2018.
['MBsatcakranirnayaHK-6']	Publication country / India	publication country india 	Publication Country: India
['MBsatcakranirnayaHK-7']	á¹£aá¹­cakranirá¹‡aya	á¹£aá¹­cakra nirá¹‡aya 	Determination of the Six Cakras
['MBsatcakranirnayaHK-8']	atha á¹£aá¹­cakranirá¹‡ayoyaá¹ƒ likhyate //	atha á¹£aá¹­cakra nirá¹‡ayaá¸¥ yam likhyate 	Now, this determination of the six cakras is written.
['MBsatcakranirnayaHK-9']	oá¹ƒ á¹£aá¹­cakraá¹ƒ á¹£oá¸aÅ›ÄdhÄraá¹ƒ trilaká¹£yaá¹ƒ vyomapaÃ±cakam /	om á¹£aá¹­cakram á¹£oá¸aÅ›a ÄdhÄram tri laká¹£yam vyomapaÃ±cakam 	Om. The six cakras, the sixteen supports, the three aims, the five voids,
['MBsatcakranirnayaHK-10']	Å›arÄ«raá¹ƒ yena jÄnanti na te yogyÄá¸¥ kulÄgame // //	Å›arÄ«ram yena jÄnanti na te yogyÄá¸¥ kula Ägame 	By whom the body is known, they are not fit for the Kula scripture.
['MBsatcakranirnayaHK-11']	Ä / brahmabilaá¹ƒ cakraá¹ƒ sandantateá¹£va /vasthitam /	Ä brahmabilam cakram 	The cakra in the Brahma-hole is located in the middle of those.
['MBsatcakranirnayaHK-12']	yoganÄlaá¹ƒ samutpannaá¹ƒ trailokye sa carÄcare // //	yoga nÄlam samutpannam trailokye sa carÄcare 	The yoga-stalk has arisen in the three worlds with their moving and unmoving beings.
['MBsatcakranirnayaHK-13']	brahmakaá¹ƒndÄdhÄraá¹ƒ brahmakaá¹ƒ sukhaá¹ƒ dadÄtÄ«ti brahmakÄndam //	brahma kaá¹ƒnda ÄdhÄram brahmakam sukham dadÄti iti brahmakÄndam 	The Brahma-stalk is the Brahma-hole, which gives the bliss of Brahma.
['MBsatcakranirnayaHK-14']	anyaÅ›ÄstrÄbhiprÄyaá¸¥ //	anya Å›Ästra abhiprÄyaá¸¥ 	The intention of other scriptures.
['MBsatcakranirnayaHK-15']	nÄá¸i tritayamuddiá¹£á¹­aá¹ƒ yatra lÄ«yetasaá¹ƒjÃ±itam /	tritayam uddiá¹£á¹­am yatra 	The triad of channels is indicated, where the dissolution is known.
['MBsatcakranirnayaHK-16']	tacca kandeti paryÄyaá¹ƒ tacca brahmabilaá¹ƒ smá¹›tam // //	tat ca kanda iti paryÄyam tat ca brahmabilam smá¹›tam 	And that is known by the synonym of the bulb, and that is remembered as the Brahma-hole.
['MBsatcakranirnayaHK-17']	vÄmadaká¹£iá¹‡ake nÄá¸yÄ viá¸Äpiá¹…galasaá¹ƒjÃ±ake /	vÄma daká¹£iá¹‡ake nÄá¸yÄá¸¥ viá¸Ä piá¹…gala saá¹ƒjÃ±ake 	The channels named Ida and Pingala on the left and right,
['MBsatcakranirnayaHK-18']	folio is missing but this seems to be a numbering mistake	folio is missing but this seems to be a numbering mistake 	The folio is missing but this seems to be a numbering mistake.
['MBsatcakranirnayaHK-19']	p / tayormadhye sthitÄ nÄá¸Ä« suá¹£umá¹‡Ä madhyamÄ smá¹›tÄ // //	tayoá¸¥ madhye sthitÄ nÄá¸Ä« suá¹£umá¹‡Ä madhyamÄ smá¹›tÄ   	The channel located in the middle of those two is remembered as the central Suá¹£umnÄ.
['MBsatcakranirnayaHK-20']	viÅ›rutÄ brahmanÄá¸Ä«ti brahmadarÅ›ayatissphuá¹­am /	viÅ›rutÄ brahmanÄá¸Ä« iti 	Renowned as the Brahma-channel, it clearly shows Brahma.
['MBsatcakranirnayaHK-21']	tasya / labilaá¹ƒ kandaá¹ƒ nÄbhyÅ«rdhvÄdhoá¹…gulaá¹ƒ smá¹›tam // //	tasya la bilam kandam nÄbhi Å«rdhva adhas aá¹…gulam smá¹›tam   	Its bulb is known to be one finger above and below the navel.
['MBsatcakranirnayaHK-22']	tattrikoá¹‡amiti jÃ±eyaá¹ƒ vistarÄdaá¹…guli trayam /	tat trikoá¹‡am iti jÃ±eyam vistarÄt aá¹…guli trayam 	That should be known as the triangle, three fingers wide.
['MBsatcakranirnayaHK-23']	tasya madhye sthitÄ Å›aktiá¸¥ paÃ±cakÄraá¹‡abhaká¹£iá¹‡Ä« // //	tasya madhye sthitÄ Å›aktiá¸¥ paÃ±ca kÄraá¹‡a bhaká¹£iá¹‡Ä« 	The power residing in its middle devours the five causes.
['MBsatcakranirnayaHK-24']	saá¹…kocana prayogena prabuddhÄ bhavatÄ«ti sÄ /	saá¹…kocana prayogena prabuddhÄ bhavati iti sÄ 	That power becomes awakened by the practice of contraction.
['MBsatcakranirnayaHK-25']	bhÄvÄnÄbhÄvagamyÄ sÄprayÄtÄ parame pade // //	bhÄva anÄbhÄva gamyÄ sÄ a prayÄtÄ parame pade 	She is to be reached by the non-existence of existence, having gone to the supreme state.
['MBsatcakranirnayaHK-26']	evaá¹ƒ jÃ±ÄtvÄ mahÄbhÄge kandÄdhÄre sthitiá¹ƒ kuru /	evam jÃ±ÄtvÄ mahÄbhÄge kandÄdhÄre sthitim kuru 	Knowing this, O fortunate one, establish yourself in the foundation of the bulb.
['MBsatcakranirnayaHK-27', 'MBsatcakranirnayaHK-28']	tatra sthitvÄtmano rÅ«paá¹ƒ prÄká¹›taá¹ƒ tu parityajet // //ğŸ”½grÄhayed bhÄvanÄ yÄtaá¹ƒ / hÄtsarvagataá¹ƒ Å›ivam /	tatra sthitvÄ Ätmanaá¸¥ rÅ«pam prÄká¹›tam tu parityajet  grÄhayet bhÄvanÄ yÄtam Å›ivam 	Having established yourself there, abandon your natural form.ğŸ”½One should realize the all-pervading Åšiva, reached by the mind, having abandoned everything.
['MBsatcakranirnayaHK-29']	yaá¹ƒ prÄpya tarate pÄraá¹ƒ ghorÄt saá¹ƒsÄrasÄgarÄt // //	yam prÄpya tarate pÄram ghorÄt saá¹ƒsÄra sÄgarÄt 	Having attained Him, one crosses to the other shore of the terrible ocean of worldly existence.
['MBsatcakranirnayaHK-30']	dvitÄ«yaá¹ƒ nÄbhicakraá¹ƒ tu nÄgakuá¹‡á¸alasannibham /	dvitÄ«yam nÄbhi cakram tu nÄga kuá¹‡á¸ala sannibham 	The second cakra is the navel, resembling a serpent's hood,
['MBsatcakranirnayaHK-31']	kuá¹‡á¸alÄ«ká¹›ti vikhyÄtamudayÄstagakÄraá¹‡am // //	          	known as the coiled form, the cause of rising and setting.
['MBsatcakranirnayaHK-32']	anyaÅ›ÄstrÄbhiprÄyaá¸¥ //	anya Å›Ästra abhiprÄyaá¸¥ 	The intention of other scriptures.
['MBsatcakranirnayaHK-33', 'MBsatcakranirnayaHK-34']	nÄbhimadhye sthitÄ Å›aktiá¸¥ prasuptabhujagÄká¹›tiá¸¥ /ğŸ”½phaá¹‡apaÃ±cakasaá¹ƒyuktÄ vÄmÄvartÄ trivartulÄ // //	nÄbhi madhye sthitÄ Å›aktiá¸¥ prasupta bhujaga Äká¹›tiá¸¥  phaá¹‡a paÃ±caka saá¹ƒyuktÄ vÄma ÄvartÄ tri vartulÄ 	The power residing in the middle of the navel, in the form of a sleeping serpent,ğŸ”½endowed with five hoods, moving counterclockwise, and threefold,
['MBsatcakranirnayaHK-35']	paÃ±cÄÅ›aá¹ƒdvijajananÄ« praá¹‡avÄkhyÄ trivÄhagÄ /	paÃ±cÄÅ›at dvija jananÄ« praá¹‡ava ÄkhyÄ tri vÄha gÄ 	the mother of fifty Brahmas, known as Om, having three courses,
['MBsatcakranirnayaHK-36']	Å«rdhvÄdhaá¸¥ kramayogena yÄ Å›ivÄntaá¹ƒ Å›ivolvanÄ // //	Å«rdhva adhas krama yogena yÄ Å›iva antam Å›iva ulvanÄ 	The one who is above and below in the sequence of the Krama, who is Åšiva to the end, is Åšiva.
['MBsatcakranirnayaHK-37']	prabuddhÄ cÄá¹‡u vajjÃ±eya / suptÄ kuá¹‡á¸alÄká¹›tiá¸¥ /	suptÄ kuá¹‡á¸ala Äká¹›tiá¸¥ 	The awakened one should be known as an atom, the sleeping one as having the form of a circle.
['MBsatcakranirnayaHK-38']	tripaÃ±cÄá¹…gulavistÄrÄmitavará¹‡Ä kulÄraá¹‡Ä« // //	tri paÃ±ca aá¹…gula vistÄrÄ amita vará¹‡Ä kula araá¹‡Ä« 	Extending three and a half finger-breadths, of the nature of the letters, the kindling of Kula.
['MBsatcakranirnayaHK-39']	tasya madhye yadÄ / saá¹ƒsthito hyekamÄnasaá¸¥ /	tasya madhye yadÄ saá¹ƒsthitaá¸¥ hi eka mÄnasaá¸¥ 	When one is situated in the middle of that with a single mind,
['MBsatcakranirnayaHK-40']	nÄnÄvidhÄni cihnÄni paÅ›yati svapnavat priye // //	nÄnÄvidhÄni cihnÄni paÅ›yati svapna vat priye 	One sees various signs, as in a dream, O beloved.
['MBsatcakranirnayaHK-41']	tasmÄt sarvaprayatnena bodhayet kuá¹‡á¸alÄká¹›tim /	tasmÄt sarva prayatnena bodhayet kuá¹‡á¸ala Äká¹›tim 	Therefore, by all means, one should awaken the one having the form of a circle.
['MBsatcakranirnayaHK-42']	p / tá¹›tÄ«yaá¹ƒ há¹›daye cakraá¹ƒ á¹£aá¹­triá¹ƒÅ›advyÄpakaá¹ƒ prabhum /	tá¹›tÄ«yam há¹›daye cakram á¹£aá¹­triá¹ƒÅ›at vyÄpakam prabhum 	The third cakra is in the heart, the lord pervading the thirty-six.
['MBsatcakranirnayaHK-43']	padmarÄgasamÄkÄramÄdityasamatejasam // //	padmarÄga sama ÄkÄram Äditya sama tejasam 	Having the form of a ruby, with the brilliance of the sun.
['MBsatcakranirnayaHK-44']	tá¹›trodÄharaá¹‡am //	tá¹› trÄ udÄharaá¹‡am 	The example of the third.
['MBsatcakranirnayaHK-45']	nÄbhe Å«rdhvaá¹ƒ vitaÅ›rÄtu kaá¹‡á¹­hadÅ«rdhvaá¹ƒ á¹£aá¸aá¹…gulam /	nÄbhe Å«rdhvam vitaÅ›rÄtu kaá¹‡á¹­ha dÅ«rdhvam á¹£aá¹£ aá¹…gulam 	Six finger-breadths above the navel, above the throat,
['MBsatcakranirnayaHK-46']	há¹›dayaá¹ƒ tad vijÄnÄ«yÄd viÅ›vasyÄyatanaá¹ƒ mahat // //	há¹›dayam tat vijÄnÄ«yÄt viÅ›vasya Äyatanam mahat 	One should know that to be the heart, the great abode of the universe.
['MBsatcakranirnayaHK-47']	há¹›ccakramadhye kamalaá¹ƒ á¹£oá¸aÅ›ÄrÄá¹…gulairyutam /	há¹›d cakra madhye kamalam á¹£oá¸aÅ›a Ära aá¹…gulaiá¸¥ yutam 	In the middle of the heart cakra, there is a lotus endowed with sixteen petals and finger-breadths.
['MBsatcakranirnayaHK-48']	aá¹£á¹­Äá¹…gulapramÄá¹‡ena lambamÄnamadhomukham // //	aá¹£á¹­a aá¹…gula pramÄá¹‡ena lambamÄnam adhomukham 	Eight finger-breadths in measure, hanging downwards, facing downwards.
['MBsatcakranirnayaHK-49']	kará¹‡ikÄkesarairyuktaá¹ƒ haá¹ƒsasya padameva hi /	kará¹‡ikÄ kesaraiá¸¥ yuktam haá¹ƒsasya padam eva hi 	Endowed with a pericarp and filaments, it is indeed the abode of the Gander.
['MBsatcakranirnayaHK-50']	tatrÄbhyÄsagato yogÄ« paÅ›yatyÄtmÄnamÄtmanÄ // //	tatra abhyÄsa gataá¸¥ yogÄ« paÅ›yati ÄtmÄnam ÄtmanÄ 	There, the yogi who has attained practice sees the Self by the Self.
['MBsatcakranirnayaHK-51']	caturthaá¹ƒ kaá¹‡á¸acakraá¹ƒ tu nÄá¸Ä«saá¹…ghaá¹­á¹­agocaram /	caturtham kaá¹‡á¸a cakram tu nÄá¸Ä« saá¹…ghaá¹­á¹­a gocaram 	The fourth cakra is the Kantha cakra, which is the domain of the confluence of the nÄá¸Ä«s.
['MBsatcakranirnayaHK-52']	saá¹…ghataá¹ƒ sarvanÄá¸Ä«nÄá¹ƒ há¹›dayaá¹ƒ tadudÄhá¹›tam // //	saá¹…ghatam sarva nÄá¸Ä«nÄm há¹›dayam tat udÄhá¹›tam 	It is said to be the heart of the confluence of all the nÄá¸Ä«s.
['MBsatcakranirnayaHK-53']	p anyaÅ›ÄstrÄbhiprÄyaá¸¥ //	anya Å›Ästra abhiprÄyaá¸¥ 	The intention of other scriptures.
['MBsatcakranirnayaHK-54']	kaá¹‡á¹­ha rÅ«pÄtká¹£utpipÄsÄ / //	kaá¹‡á¹­ha rÅ«pÄt ká¹£udh pipÄsÄ 	Hunger and thirst arise from the throat.
['MBsatcakranirnayaHK-55']	Ä«Å›atká¹›tÄpi rasanÄ bilasÅ«lasaá¹ƒsthÄpÄ« Å›a /ddvijÄdharadale vivá¹›te ca ká¹›tvÄ /	Ä«Å›at ká¹›tÄ api rasanÄ bila sÅ«la saá¹ƒsthÄpÄ« Å›at dvija adhara dale vivá¹›te ca ká¹›tvÄ 	Even if the tongue is slightly raised and placed in the cavity of the palate, and the lips of the twice-born are slightly opened,
['MBsatcakranirnayaHK-56']	Ä«Å›atsudhÄra savaraá¹ƒ Å›aÅ›inaÅ›ca pÄ«tvÄ tatká¹£uttá¹›á¹£Äá¹ƒ maraá¹‡adÄharujÄá¹ƒ nivá¹›ttiá¸¥ // //	Ä«Å›at sudhÄra sa varam Å›aÅ›inaá¸¥ ca pÄ«tvÄ tat ká¹£udh tá¹›á¹£Äm maraá¹‡a dÄha rujÄm nivá¹›ttiá¸¥  /	having drunk the nectar of the moon, there is cessation of hunger, thirst, the pain of burning to death.
['MBsatcakranirnayaHK-57']	paÃ±camaá¹ƒ binducakraá¹ƒ tu trikhaá¹‡á¸aá¹ƒ vyomagocaram /	             	The fifth cakra is the Bindu cakra, which is divided into three parts and is the domain of the sky.
['MBsatcakranirnayaHK-58']	vyomÄtÄ«taá¹ƒ paraá¹ƒÅ›ÄntamÄtmarÅ«paá¹ƒ vyavasthitam // //	vyoma atÄ«tam param Å›Äntam Ätma rÅ«pam vyavasthitam 	Beyond the sky, it is supremely tranquil, established in the form of the Self.
['MBsatcakranirnayaHK-59']	bhruvormadhye sthitaá¹ƒ cakraá¹ƒ bindvÄkhyaá¹ƒ moká¹£adÄyakam /	bhruvoá¸¥ madhye sthitam cakram bindu Äkhyam moká¹£a dÄyakam 	The cakra located between the eyebrows, called Bindu, bestows liberation.
['MBsatcakranirnayaHK-60']	paÃ±cavará¹‡adharaá¹ƒ devaá¹ƒ paÃ±cakÄlasamÄyutam // //	paÃ±ca vará¹‡a dharam devam paÃ±ca kÄla samÄyutam 	The god who bears the five colors, endowed with the five times.
['MBsatcakranirnayaHK-61']	paÃ±cavelÄyutaá¹ƒ nityaá¹ƒ paÃ±ca paÃ±ca vivarjitam /	paÃ±ca velÄ yutam nityam paÃ±ca paÃ±ca vivarjitam 	Always united with the five times, devoid of the five groups of five,
['MBsatcakranirnayaHK-62']	niá¹£prapaÃ±caá¹ƒ nirÄbhÄsamaá¹…guá¹£á¹­haikapramÄá¹‡akam // //	niá¹£prapaÃ±cam nirÄbhÄsam aá¹…guá¹£á¹­ha eka pramÄá¹‡akam 	free from conceptual elaboration, free from appearances, the measure of a thumb.
['MBsatcakranirnayaHK-63']	á¹£aá¹£á¹­haá¹ƒ vai tÄlu cakraá¹ƒ ca devÄnÄmapi durlabham /	á¹£aá¹£á¹­ham vai tÄlu cakram ca devÄnÄm api durlabham 	The sixth is the Talu cakra, which is difficult to attain even for the gods.
['MBsatcakranirnayaHK-64']	p / candrakÄnti samaprakhyaá¹ƒ cintayetkalayÄ yutam // //	candra kÄnti sama prakhyam cintayet kalayÄ yutam 	One should contemplate it, endowed with digits, resembling the luster of the moonstone.
['MBsatcakranirnayaHK-65']	tatrodÄharaá¹‡am /	tatra udÄharaá¹‡am 	An example is given there.
['MBsatcakranirnayaHK-66']	tÄlumadhye sthitaá¹ƒ cakramamá¹›tÄkhya kalÄyutam /	tÄlu madhye sthitam cakram amá¹›ta Äkhya kalÄ yutam 	The wheel located in the middle of the palate, endowed with the energy called immortality.
['MBsatcakranirnayaHK-67']	tatra vai daá¹‡á¸apÄá¹‡istu saá¹ƒsthitaá¸¥ parameÅ›varaá¸¥ // //	tatra vai daá¹‡á¸apÄá¹‡iá¸¥ tu saá¹ƒsthitaá¸¥ parameÅ›varaá¸¥ 	There, indeed, is the Supreme Lord, the club-bearer, established.
['MBsatcakranirnayaHK-68']	aá¹…gulatrayamÄnena trikoá¹‡Äká¹›ti /m /	aá¹…gula traya mÄnena trikoá¹‡a Äká¹›ti 	Of the measure of three fingers, having the form of a triangle.
['MBsatcakranirnayaHK-69']	ÄdvijÄtyanvyajÄtyantamekÄdá¹› / va rÅ«piá¹‡Ä« // //	Ä t vijÄti anvi ajÄti antam ekÄdá¹› va rÅ«piá¹‡Ä«   	Having the form of eleven, from the twice-born to the mixed caste.
['MBsatcakranirnayaHK-70']	tasyordhve / nÄsanaá¹ƒ cakraá¹ƒ rekhÄdvÄravivarjitam /	tasya Å«rdhve na Äsanam cakram rekhÄ dvÄra vivarjitam 	Above it, the seat is a wheel, devoid of lines and doors.
['MBsatcakranirnayaHK-71']	pramÄá¹‡arÅ«parahitaá¹ƒ bhÄvagamyaá¹ƒ sadoditam // //	pramÄá¹‡a rÅ«pa rahitam bhÄva gamyam sadÄ uditam 	Devoid of the form of measure, to be known through contemplation, always manifest.
['MBsatcakranirnayaHK-72']	yatra sÄ ca sthitÄ Å›aktirvimalÄ rÅ«pavarjitÄ /	yatra sÄ ca sthitÄ Å›aktiá¸¥ vimalÄ rÅ«pa varjitÄ 	Where that power resides, pure, devoid of form,
['MBsatcakranirnayaHK-73', 'MBsatcakranirnayaHK-74']	Å›ivena saha caikatra viÅ›rÄntiá¹ƒ kurute sadÄ // //ğŸ”½hakÄrÄdÅ«rdhvagÄ kÄryÄ kÄlÄgninayagÄpuraá¸¥ //	Å›ivena saha ca ekatra viÅ›rÄntim kurute sadÄ  hakÄrÄt Å«rdhva gÄ kÄryÄ 	Always resting together with Shiva in one place.ğŸ”½The letter above the letter ha should be made, going to the end of the fire of time.
['MBsatcakranirnayaHK-75']	sÄ hyeva gulphajÄnuha sarvÄdhÄre layaá¹ƒ gatÄá¸¥ // //	sÄ hi eva gulpha jÄnu ha sarva ÄdhÄre layam gatÄá¸¥ 	That indeed is the ankle and knee, merged in all the foundation.
['MBsatcakranirnayaHK-76']	p / sarvÄ / rÄtu saá¹…koce saá¹…kocÄt turyakoá¹‡ake /	sarvÄ rÄtu saá¹…koce saá¹…kocÄt turyakoá¹‡ake 	All the directions in contraction, and from contraction in the fourth corner.
['MBsatcakranirnayaHK-77']	turyakoá¹‡Ä tu janmÄkhye tataá¸¥ skandasya bhÄmini // //	turya koá¹‡Ä tu janma Äkhye tatas skandasya bhÄmini  /	The fourth corner is in the birth-named (place), then of Skanda, O beautiful lady.
['MBsatcakranirnayaHK-78']	skandÄt kuá¹‡á¸alinÄ«madhye kuá¹‡á¸alÄkhyÄt ghaá¹­odare /	skandÄt kuá¹‡á¸alinÄ« madhye kuá¹‡á¸ala ÄkhyÄt ghaá¹­a udare 	From Skanda, in the middle of Kundalini, from the one called Kundala, in the belly of the pot.
['MBsatcakranirnayaHK-79']	tadvai saÃ±jÄ«vanasthÄnaá¹ƒ bhÅ«tÄnÄá¹ƒ jÄ«vasaá¹ƒpuá¹­e // //	tat vai saÃ±jÄ«vana sthÄnam bhÅ«tÄnÄm jÄ«va saá¹ƒpuá¹­e 	That is the place of revival, in the life-womb of beings.
['MBsatcakranirnayaHK-80']	saÃ±jÄ«vanyÄÅ›ca kÅ«rme tu kÅ«rmÄÅ›ca sparÅ›asaá¹ƒjÃ±ake /	saÃ±jÄ«vanyÄá¸¥ ca kÅ«rme tu kÅ«rmÄá¸¥ ca sparÅ›a saá¹ƒjÃ±ake 	And of the SaÃ±jÄ«vanÄ«, the tortoise is in the KÅ«rma, and the tortoises are in what is called touch.
['MBsatcakranirnayaHK-81']	sparÅ›ÄÅ›ca lalanÄmÅ«le lÄlÄkhyÄllambake tathÄ // //	sparÅ›Äá¸¥ ca lalanÄ mÅ«le lÄlÄ ÄkhyÄt lambake tathÄ 	And the touches are at the root of LalÄ, and the one called LalÄ is in the hanging part.
['MBsatcakranirnayaHK-82']	itye te á¹£odasÄdhÄrÄssaá¹ƒsthitÄá¸¥ kulamadhyataá¸¥ // //	iti e te kula madhyataá¸¥ 	Thus, these sixteen supports are situated in the middle of the Kula.
['MBsatcakranirnayaHK-83']	yairbhitvÄ bÄhyataá¸¥ Å›aktirvajet sapÄdaÅ›aá¹ƒpadam /	yaiá¸¥ bhitvÄ bÄhyatas Å›aktiá¸¥ vajet sa pÄda Å›aá¹ƒpadam 	By which, having pierced externally, the power would move in the sixteen-fold path.
['MBsatcakranirnayaHK-84']	yÄ Å›aktirÅ«hakÄkhyÄdhÄramadho mÄrgaá¹ƒ gacha /tisau / kÄryÄ tasyÄÅ›ca	yÄ Å›aktiá¸¥ Å«haka Äkhya ÄdhÄram adhas mÄrgam gacchati sau kÄryÄ tasyÄá¸¥ ca 	That power which is called the upward-moving one, goes to the lower path of the support.
['MBsatcakranirnayaHK-85']	dhÄrÄá¸¥ á¹£oá¸asa /ka / nte //	dhÄrÄá¸¥ á¹£oá¸asaka nte 	The sixteen streams of that are mentioned.
['MBsatcakranirnayaHK-86']	p / / nÅ«ta / rgoá¸¥ sarvÄdhÄre / saá¹ƒjÃ±ite /	p     nÅ« t   r goá¸¥ sarva ÄdhÄre saá¹ƒjÃ±ite 	In the newly born, in all the supports, designated.
['MBsatcakranirnayaHK-87']	gudasya kÄlÄgnirudreti paryÄ /yaá¸¥ /	gudasya kÄlÄgni rudra iti paryÄyaá¸¥ 	The anus is synonymous with KÄlÄgni Rudra.
['MBsatcakranirnayaHK-88']	asyaiva kÄmasaá¹…koco vÄyuá¸¥ /	asya eva kÄma saá¹…kocaá¸¥ vÄyuá¸¥ 	The contraction of desire of this is the wind.
['MBsatcakranirnayaHK-89']	yonimÄrgadvayaá¹ƒ vÄyoá¸¥ saá¹…ga /me sarvadÄ sthitam /	yoni mÄrga dvayam vÄyoá¸¥ saá¹…game sarvadÄ sthitam 	The pair of paths of the vagina is always situated as the union of the wind.
['MBsatcakranirnayaHK-90']	aÅ›aktyÄ samatÄá¹ƒ nÄ«tvÄ di /vyoyodhaá¸¥ pravartate //	aÅ›aktyÄ sama tÄm nÄ«tvÄ divyaá¸¥ yodhaá¸¥ pravartate 	Having brought equality with the powerless, the divine battle proceeds.
['MBsatcakranirnayaHK-91']	ta / taá¹ƒ kroÅ›ya /gudadvÄraá¹ƒ sarvÄdhÄramaá¹…guli / yasyordhve turyakoá¹‡aá¹ƒ	tam kroÅ›ya guda dvÄram sarva ÄdhÄram aá¹…guli yasya Å«rdhve turya koá¹‡am 	That anus-door, which is the support of all, above whose finger is the fourth corner,
['MBsatcakranirnayaHK-92']	catuá¹£koá¹‡aá¹ƒ meá¸hre janmÄkhyaá¹ƒ yasmin sthÄne strÄ«puá¹ƒsayoá¸¥ saá¹ƒyogakÄle	catuá¹£koá¹‡am meá¸hre janma Äkhyam yasmin sthÄne strÄ«puá¹ƒsayoá¸¥ saá¹ƒyoga kÄle 	the four-cornered one in the penis, in which place at the time of union of women and men,
['MBsatcakranirnayaHK-93']	bÄ«jaá¹ƒ patitaá¹ƒ bhÅ«tvÄ garbhaá¸¥ sa bhavati janmÄkhya hÄá¹­akasyÄ bhya /ntare	bÄ«jam patitam bhÅ«tvÄ garbhaá¸¥ sa bhavati hÄá¹­akasya a bhyantare 	the fallen seed becomes the embryo. That is the birth-named one, inside the golden one.
['MBsatcakranirnayaHK-94']	tiryagg /tyÄá¹…gula á¹£aá¹­kam / Å«rdhvagatyÄá¹…guli dvayam //	        	The six fingers are in the horizontal direction, and the two fingers are in the upward direction.
['MBsatcakranirnayaHK-95', 'MBsatcakranirnayaHK-96']	anyaÅ›ÄstrÄbhiprÄyaá¸¥ //ğŸ”½jakÄre jananaá¹ƒ yatra makÄre maraá¹‡aá¹ƒ bhavet /	anya Å›Ästra abhiprÄyaá¸¥  jakÄre jananam yatra makÄre maraá¹‡am bhavet 	The intention of other scriptures.ğŸ”½Where there is birth in the letter Ja and death in the letter Ma,
['MBsatcakranirnayaHK-97']	janmamá¹›tyu bhaya sthÄnaá¹ƒ janmasthÄnaá¹ƒ tu tadviduá¸¥ //	janma má¹›tyu bhaya sthÄnam janma sthÄnam tu tat viduá¸¥ 	The wise know that place of birth to be the abode of the fear of birth and death.
['MBsatcakranirnayaHK-98']	meá¸hrodhvÄ /á¹…gula dvaye janma kandaá¹ƒ tasyordhe aá¹…gula dvayam /	janma kandam tasya Å«rdhe aá¹…gula dvayam 	The birth is in the two fingers above the genital organ, and the bulb is in the two fingers above that.
['MBsatcakranirnayaHK-99']	tacca trikoá¹‡aá¹ƒ nÄá¸i tritayasyÄ dhÄram /	tat ca trikoá¹‡am nÄá¸i tritayasyÄá¸¥ dhÄram 	And that triangle is the support of the three channels.
['MBsatcakranirnayaHK-100']	tadyathÄ nÄá¸yadho hyaá¹…gulÄ dá¹› /á¹£á¹­au meá¸hramÅ«laá¹ƒ tva /tadviduá¸¥ /	tat yathÄ nÄá¸Ä« adhas hi aá¹…gulÄá¸¥ dá¹›á¹£á¹­au meá¸hra mÅ«lam tu a tat viduá¸¥ 	As the channels are seen below the fingers, the root of the genital organ is known as such.
['MBsatcakranirnayaHK-101']	tatra madhye mahÄcakraá¹ƒ kandaá¹ƒ nÄma prakÄ«rtitam /	tatra madhye mahÄ cakram kandam nÄma prakÄ«rtitam 	In the middle of that, the great wheel is proclaimed as the bulb.
['MBsatcakranirnayaHK-102']	tÄlusaá¹ƒjÃ±Ä bhavettasya Å›odhanaá¹ƒ nÄmanÄmataá¸¥ //	tÄlu saá¹ƒjÃ±Ä bhavet tasya Å›odhanam nÄma nÄmataá¸¥ 	Its purification is known by the name of the palate.
['MBsatcakranirnayaHK-103', 'MBsatcakranirnayaHK-104']	anya Å›ÄstrÄbhiprÄyaá¸¥ //ğŸ”½nÄbhi meá¸hrÄntaraá¹ƒ kandaá¹ƒ tatvÄdhÄraá¹ƒ prakÄ«rtitam /	anya Å›Ästra abhiprÄyaá¸¥  nÄbhi meá¸hra antaram kandam tatvÄ ÄdhÄram prakÄ«rtitam 	The intention of other scriptures.ğŸ”½The bulb is proclaimed as the support of the principles, between the navel and the genital organ.
['MBsatcakranirnayaHK-105']	dahantÄtka madhyasthaá¹ƒ caitanyaá¹ƒ cittavarjitam /	madhyastham caitanyam citta varjitam 	The consciousness free from the mind, burning in the middle of the navel,
['MBsatcakranirnayaHK-106']	á¹£aá¸araá¹ƒ prasphurantaá¹ƒ ca kandasaá¹ƒsthÄnasaá¹ƒsthitam /	á¹£aá¹£ aram prasphurantam ca kanda saá¹ƒsthÄna saá¹ƒsthitam 	Shining with six petals, situated in the form of a bulb,
['MBsatcakranirnayaHK-107']	kulabinduriti khyÄtaá¹ƒ khyÄtaá¹ƒ brahmabilaá¹ƒ tathÄ //	kulabinduá¸¥ iti khyÄtam khyÄtam brahmabilam tathÄ 	Known as the Kula Drop and also as the Brahma Hole.
['MBsatcakranirnayaHK-108']	p / etat praká¹›á¹£á¹­akamucyate //	etat praká¹›á¹£á¹­akam ucyate 	This is said to be the supreme.
['MBsatcakranirnayaHK-109']	kuá¹‡á¸alinÄ« nÄbhi deÅ›e ghaá¹­odaraá¹ƒ nÄbhi há¹›tpadmamadhyasthaá¹ƒ tasyaiva	kuá¹‡á¸alinÄ« nÄbhi deÅ›e ghaá¹­a udaram nÄbhi há¹›d padma madhya stham tasya eva 	Kundalini is in the region of the navel. The pot-bellied one is in the middle of the lotus of the heart.
['MBsatcakranirnayaHK-110']	saá¹…jÄ«vanÄ«ti paryÄyaá¸¥ /	saá¹…jÄ«vanÄ« iti paryÄyaá¸¥ 	Its synonym is the reviver.
['MBsatcakranirnayaHK-111']	nÄbhi há¹›dayapadmasaá¹ƒpuá¹­aá¹ƒ madhyam /	nÄbhi há¹›daya padma saá¹ƒpuá¹­am madhyam 	The middle is the union of the navel and the lotus of the heart.
['MBsatcakranirnayaHK-112']	kÅ«rmaá¹ƒ há¹›dayaá¹ƒ sarvÄá¹‡i padÄrthÄni yatra kÅ«rmÄá¹…gÄnÄ«vatiá¹£á¹­hanti	kÅ«rmam há¹›dayam sarvÄá¹‡i padÄrthÄni yatra kÅ«rma aá¹…gÄni ivatiá¹£á¹­hanti 	The tortoise is the heart, where all things rest like the limbs of a tortoise.
['MBsatcakranirnayaHK-113']	tatkÅ«rmÄdhÄraá¹ƒ sarvambaraá¸¥ / sthÄnam /	tat kÅ«rma ÄdhÄram sarva ambaraá¸¥ sthÄnam 	That is the tortoise-base, the all-pervading place.
['MBsatcakranirnayaHK-114']	há¹›dayÄccaturaá¹…gulaá¹ƒ lolÄkhyaá¹ƒ lolÄjihvÄ tasyÄmÅ«laá¹ƒ lolÄmÅ«laá¹ƒ	há¹›dayÄt catur aá¹…gulam lola Äkhyam lolÄjihvÄ tasya amÅ«lam lolÄmÅ«lam 	Four finger-breadths from the heart is the place called lola, the root of the lolajivha (wriggling tongue) is the root of lola.
['MBsatcakranirnayaHK-115']	kaá¹‡á¹­hasthÄnam /	kaá¹‡á¹­ha sthÄnam 	It is the throat-place.
['MBsatcakranirnayaHK-116']	lampikÄdhaá¸¥ á¹£aá¸aá¹…gulam /	lampikÄ adhas á¹£aá¹£ aá¹…gulam 	Six finger-breadths below the lampika.
['MBsatcakranirnayaHK-117']	lambÄkhyaá¹ƒ lambÄghaá¹‡á¹­ikÄguruvaktraá¹ƒ guruvaktreti bindusaá¹ƒjÃ±aá¹ƒ	                    	The place called lamba, the guru's face with the lamba-bell, the bindu-named guru's face,
['MBsatcakranirnayaHK-118']	bhrÅ«madhyaá¹ƒ bhrÅ«madhyeti bindusaá¹ƒjÃ±akaá¹ƒ turyasthÄne sarveti kathyate /	bhrÅ«madhyam bhrÅ«madhyÄ iti bindu saá¹ƒjÃ±akam turya sthÄne sarvÄ iti kathyate 	the middle of the eyebrows, the bindu-named middle of the eyebrows, is said to be in the fourth place, all.
['MBsatcakranirnayaHK-119']	ajamukhamajamÄkÄÅ›aá¹ƒ avidyamÄnaá¹ƒ janmÄyasmÄttasminsthÄne dhvaja / iti //	aja mukham ajam ÄkÄÅ›am a vidyamÄnam janma a yasmÄt tasmin sthÄne dhvajaá¸¥ iti 	The face of the unborn, the unborn space, which is non-existent, in that place, the flag. Thus.
['MBsatcakranirnayaHK-120']	p / iti á¹£oá¸aÅ›ÄdhÄram / //	iti á¹£oá¸aÅ›a ÄdhÄram 	Thus, the sixteen bases.
['MBsatcakranirnayaHK-121', 'MBsatcakranirnayaHK-122']	atha trilaká¹£am //ğŸ”½antarlaká¹£aá¹ƒ bahirlaká¹£aá¹ƒ laká¹£aá¹ƒ cobhayavarjitam /	atha tri laká¹£am  antar laká¹£am bahis laká¹£am laká¹£am ca ubhaya varjitam 	Now, the three-laká¹£a.ğŸ”½The inner laksa, the outer laksa, and the laksa devoid of both,
['MBsatcakranirnayaHK-123']	bÄhyala / prayogena pratimÄdi / cÄlanam /	bÄhyala prayogena pratimÄ Ädi cÄlanam 	The external laksa, by the practice of the external laksa, the moving of the image etc.
['MBsatcakranirnayaHK-124']	sarvÄvayavasaá¹ƒyuktaá¹ƒ sarvatantrÄrthasaá¹ƒyutam /	sarva avayava saá¹ƒyuktam sarva tantra artha saá¹ƒyutam 	Endowed with all parts, endowed with the meaning of all tantras,
['MBsatcakranirnayaHK-125']	Å›Ä / samÄsÄdya cittacaitanya yogataá¸¥ /	          	Sha - Having attained the union of mind and consciousness,
['MBsatcakranirnayaHK-126']	parÄpravartate dá¹›á¹£á¹­irantarlaká¹£asya darÅ›anam /	parÄ pravartate dá¹›á¹£á¹­iá¸¥ antar laká¹£asya darÅ›anam 	The vision of the inner object proceeds.
['MBsatcakranirnayaHK-127']	bahirantarbahi ká¹›tvÄ svasthÄnasthasya yÄ sthitiá¸¥ /	bahis antar bahis ká¹›tvÄ sva sthÄna sthasya yÄ sthitiá¸¥ 	The state of one who is in his own place, having made the external internal,
['MBsatcakranirnayaHK-128']	tallaká¹£aá¹ƒ madhyamaá¹ƒ / proktaá¹ƒ na kiÃ±cidyatra laká¹£ayet /	tat laká¹£am madhyamam proktam na kiÃ±cid yatra laká¹£ayet 	That state is said to be the middle one, where one does not perceive anything.
['MBsatcakranirnayaHK-129']	laká¹£a traya vinirmuktaá¹ƒ vÄ / yÄtÄ«tamavyayam /	laká¹£a traya vinirmuktam vÄ yÄ atÄ«tam avyayam 	Or, the imperishable one that has gone beyond the three states,
['MBsatcakranirnayaHK-130']	sarvÄ /vasthaá¹ƒ na sÄvasthaá¹ƒ paraá¹ƒ tallaká¹£amucyate //	sarva avastham na sa avastham param tat laká¹£am ucyate 	The supreme state is said to be that state which is in all states and not in any state.
['MBsatcakranirnayaHK-131']	vyomapaÃ±cakamiti //	vyomapaÃ±cakam iti 	The five voids.
['MBsatcakranirnayaHK-132']	prathamaá¹ƒ tu brahmavyomaviá¹£á¹‡uvyoma dvitÄ«yakam /	prathamam tu brahmavyoma viá¹£á¹‡uvyoma dvitÄ«yakam 	The first is the void of Brahman, the second is the void of Vishnu,
['MBsatcakranirnayaHK-133']	p / rudravyoma tá¹›tÄ«yaá¹ƒ tu ceÅ›varÄkhyaá¹ƒ caturthakam /	rudravyoma tá¹›tÄ«yam tu ca Ä«Å›vara Äkhyam caturthakam 	The third is the void of Rudra, the fourth is called the void of Ishvara,
['MBsatcakranirnayaHK-134']	sadÄÅ›ivaá¹ƒ paÃ±camaá¹ƒ tu hyetadvai vyomapaÃ±cakam //	sadÄÅ›ivam paÃ±camam tu hi etat vai vyomapaÃ±cakam 	And the fifth is Sadashiva - this is the group of five voids.
['MBsatcakranirnayaHK-135']	nÄdyÄdi há¹›dayaá¹ƒ yÄvadbrahmajÃ±Änaá¹ƒ viduá¸¥ priye /	na Ädi Ädi há¹›dayam yÄvat brahma jÃ±Änam viduá¸¥ priye 	O Beloved, they know the knowledge of Brahman up to the heart, beginning with Nada.
['MBsatcakranirnayaHK-136']	jÄgradvá¹›tyunubhÄvena pÄrthivaá¹ƒ tatvamuttamam // /	jÄgrat vá¹›ti unubhÄvena pÄrthivam 	By the manifestation of the function of waking, the supreme principle is earthly.
['MBsatcakranirnayaHK-137']	há¹›dayÄtkaá¹‡á¹­hasaá¹ƒsthÄnaá¹ƒ viá¹£á¹‡usthÄnaá¹ƒ prakÄ«rtitam // //	há¹›dayÄt kaá¹‡á¹­ha saá¹ƒsthÄnam viá¹£á¹‡u sthÄnam prakÄ«rtitam 	From the heart up to the throat, it is declared to be the place of Vishnu.
['MBsatcakranirnayaHK-138']	kaá¹‡á¹­hÄ tu yÄvadbhrÅ«madhyaá¹ƒ rudrasthÄnaá¹ƒ tu tadviduá¸¥ // //	kaá¹‡á¹­hÄ tu yÄvat bhrÅ« madhyam rudra sthÄnam tu tat viduá¸¥ 	From the throat up to the middle of the eyebrows, they know that to be the place of Rudra.
['MBsatcakranirnayaHK-139']	suá¹£uptÄvasthayÄ saá¹ƒsthaá¹ƒ tejastattvaá¹ƒ tu saá¹ƒsthitam /	suá¹£upta avasthayÄ saá¹ƒstham tejaá¸¥ tattvam tu saá¹ƒsthitam 	The principle of fire is located in the state of deep sleep.
['MBsatcakranirnayaHK-140']	bindau tu yÄvattalvantamÄ«Å›varÄkhyamanukramam // //	bindau tu yÄvat talu antam Ä«Å›vara Äkhyam anukramam 	The sequence called IÅ›vara is from the tip of the palate up to the end of the twelve.
['MBsatcakranirnayaHK-141', 'MBsatcakranirnayaHK-142']	turyÄvasthÄÅ›ritaá¹ƒ jÃ±eyaá¹ƒ vÄyutatvaá¹ƒ samÄÅ›ritam /ğŸ”½tÄlvantÄd dvÄdaÅ›Äntaá¹ƒ tu sthÄnaá¹ƒ sadÄÅ›ivaá¹ƒ sthitam // //	turya avasthÄ ÄÅ›ritam jÃ±eyam vÄ ayuta tvam samÄÅ›ritam  tÄlu antÄt dvÄdaÅ›Äntam tu sthÄnam sadÄÅ›ivam sthitam 	The principle of air should be known as based on the fourth state, and it is based on the principle of air.ğŸ”½The state of SadÄÅ›iva is located from the tip of the palate up to the end of the twelve.
['MBsatcakranirnayaHK-143']	turyÄtÄ«tapadÄvasthaá¹ƒ nabha	turya atÄ«ta pada avastham nabha 	The state beyond the fourth state is space.
['MBsatcakranirnayaHK-144']	part of the text is missing here	part of the text is missing here 	Part of the text is missing here.
['MBsatcakranirnayaHK-145']	p / á¹£aá¹£á¹­hambÄ samÄyuktaá¹ƒ svacchadaá¹ƒ vigatÄ mayam // //	á¹£aá¹£á¹­hambÄ samÄyuktam svacchadam vigatÄ mayam 	Endowed with the sixth part, the pure one, free from the mayÄ.
['MBsatcakranirnayaHK-146']	namaá¸¥ svÄhÄ svadhÄ vauá¹£aá¹­ svavaá¹£aá¹­kaá¹…samanvitam /	namaá¸¥ svÄhÄ svadhÄ vauá¹£aá¹­ sva vaá¹£aá¹­ kaá¹… samanvitam 	Along with Namaá¸¥, SvÄhÄ, SvadhÄ, Vauá¹£aá¹­, Sva-vaá¹£aá¹­, and Kaá¹…sa,
['MBsatcakranirnayaHK-147']	dÄ«rghasvarasamÄyuktaá¹ƒ haá¹ƒsaá¹ƒ haá¹ƒsÄá¹…gabhÅ«á¹£itam // //	dÄ«rgha svara samÄyuktam haá¹ƒsam haá¹ƒsa aá¹…ga bhÅ«á¹£itam 	Endowed with the long vowels, the swan, adorned with the parts of the swan.
['MBsatcakranirnayaHK-148']	Å›aktimantrasamÄyuktaá¹ƒ parÄnandapadaá¹ƒ sthitam /	Å›akti mantra samÄyuktam para Änanda padam sthitam 	Endowed with the mantra of Åšakti, situated in the state of supreme bliss,
['MBsatcakranirnayaHK-149']	vyÄpinÄ« sahitaá¹ƒ devaá¹ƒ sá¹›á¹£á¹­iká¹›dvyÄpinÄ«Å›varam // //	              	The god along with VyÄpinÄ«, the creator, the all-pervading lord,
['MBsatcakranirnayaHK-150']	á¹£aá¹­triá¹ƒÅ›attattvamadhyasthaá¹ƒ paramaá¹ƒ mantravigraham /	á¹£aá¹­triá¹ƒÅ›at tattva madhya stham paramam mantra vigraham 	Situated in the middle of the thirty-six principles, the supreme mantra form,
['MBsatcakranirnayaHK-151']	mantrÄtÄ«taá¹ƒ paraá¹ƒ Å›Äntamunmanyantaá¹ƒ nirÄmayam // //	mantra atÄ«tam param Å›Äntam unmanyantam nirÄmayam 	Beyond mantra, supreme, tranquil, ending with UnmanÄ«, free from disease,
['MBsatcakranirnayaHK-152']	jyotiá¹£Äá¹ƒdhÄmadhÄmÄkhyaá¹ƒ cidÄnandaprakÄÅ›akam /	                   	Called the abode of the abode of light, illuminating consciousness and bliss,
['MBsatcakranirnayaHK-153']	matijÃ±anaikagamyaá¹ƒ tamitareá¹£Ämagocaram // //	mati jÃ±anÄ eka gamyam tam itareá¹£Äm agocaram 	He is to be known only through the knowledge of the mind, and is beyond the reach of others.
['MBsatcakranirnayaHK-154']	paramÄtmÄpadÄtÄ«taá¹ƒ sa / vivarjitam /	parama Ätma ÄpadÄ atÄ«tam sa     	He is beyond the state of the supreme self, free from duality,
['MBsatcakranirnayaHK-155']	Å›ivaá¹ƒ sarvagataá¹ƒ Å›Å«nyaá¹ƒ sa bÄhyÄbhyantare sthitam // //	Å›ivam sarva gatam Å›Å«nyam sa bÄhya abhyantare sthitam 	Shiva, all-pervading, empty, He abides within and without.
['MBsatcakranirnayaHK-156', 'MBsatcakranirnayaHK-157']	folio is missing seemingly due to numbering mistakeğŸ”½p / nityoditaá¹ƒ mahÄtejaá¹ƒ sÅ«ryahaá¹ƒsaá¹ƒ Å›ivÄtmakam /	folio    is missing seemingly due to numbering mistake               	The missing folio seems to be due to a numbering mistake.ğŸ”½The Sun-Swan, of the nature of Shiva, always rising, of great splendor,
['MBsatcakranirnayaHK-158']	rÄÅ›icakragataá¹ƒ devamayanadvayasaá¹ƒsthitam // //	rÄÅ›i cakra gatam devam ayana dvaya saá¹ƒsthitam 	The God who moves in the zodiac, abiding in the two ayanas,
['MBsatcakranirnayaHK-159']	udare daká¹£iá¹‡e candraá¹ƒ daká¹£iá¹‡o cottaraá¹ƒ ravim /	udare daká¹£iá¹‡e candram ca uttaram ravim 	The Moon in the right belly, the Sun in the right and left,
['MBsatcakranirnayaHK-160']	paká¹£advayasamÄyuktaá¹ƒ sarvabhÅ«teá¹£vavasthitam // //	paká¹£a dvaya samÄyuktam sarva bhÅ«teá¹£u avasthitam 	Endowed with the two fortnights, abiding in all beings.
['MBsatcakranirnayaHK-161']	yogeÅ›varaá¹ƒ yogagamyaá¹ƒ yogÄtÄ«taá¹ƒ nirÄmayam /	            	The Lord of Yoga, to be reached through Yoga, beyond Yoga, free from disease,
['MBsatcakranirnayaHK-162']	á¹£aá¹­pathaá¹ƒ á¹£aá¹­pathÄtÄ«taá¹ƒ Å›Å«nyaá¹ƒ á¹£aá¹­kasamanvitam // //	á¹£aá¹£ patham á¹£aá¹£ patha atÄ«tam Å›Å«nyam á¹£aá¹­ka samanvitam 	The six-path, beyond the six paths, empty, endowed with the group of six.
['MBsatcakranirnayaHK-163']	há¹›tkuÅ›eÅ›ayamadhyasthaá¹ƒ grÄhyagrÄhakagÅ«hitam /	há¹›d kuÅ›eÅ›aya madhya stham grÄhya grÄhaka gÅ«hitam 	Abiding in the center of the lotus of the heart, concealing the grasped and the grasper,
['MBsatcakranirnayaHK-164', 'MBsatcakranirnayaHK-165']	á¹£aá¹­pathaá¹ƒ á¹£aá¸abhÄvÄkhyaá¹ƒ citpatiá¹ƒ cetanÄtmakam // //ğŸ”½kharÅ«paá¹ƒ khacaraá¹ƒ khasthaá¹ƒ khaparaá¹ƒ khapatiá¹ƒ khagam /	á¹£aá¹£ patham á¹£aá¹£ abhÄva Äkhyam citpatim cetanÄ Ätmakam  kha rÅ«pam kha caram kha stham kha param kha patim khagam 	The six-path, called the six states, the Lord of Consciousness, of the nature of consciousness.ğŸ”½Of the nature of space, moving in space, abiding in space, beyond space, the Lord of space, the bird,
['MBsatcakranirnayaHK-166']	kÅ«lÄ / lÄdhÄramakulaá¹ƒ kulanÄ / m // //	     	The support of the Kula and Akula, the Kula and Akula.
['MBsatcakranirnayaHK-167']	p / sa eva bandhurmÄtÄ ca pitÄ ca sasuhá¹›t /guruá¸¥ /	saá¸¥ eva bandhuá¸¥ mÄtÄ ca pitÄ ca sa suhá¹›d guruá¸¥ 	He alone is the friend, the mother, the father, the well-wisher, the guru,
['MBsatcakranirnayaHK-168']	yaá¹ƒ sarvasvamiti prÄhustaá¹ƒ vande parameÅ›varam // //	yam sarvasvam iti prÄhuá¸¥ tam vande parameÅ›varam 	Who is said to be all in all, I bow to that Supreme Lord.
['MBsatcakranirnayaHK-169']	yasya / sarvajÃ±atÄ jÃ±Ä /pti dadhi bodhasvatantratÄ /	yasya sarvajÃ±a tÄ dadhi bodha svatantra tÄ 	To whom all-knowingness, the attainment of knowledge, the independence of enlightenment,
['MBsatcakranirnayaHK-170']	a ktiÅ›ca tasmai pÅ«rá¹‡Ätmane namaá¸¥ // //	a a ktiá¸¥ ca tasmai pÅ«rá¹‡a Ätmane namaá¸¥ 	And inactivity are ascribed, salutations to that Full Self.
['MBsatcakranirnayaHK-171']	sarvendriya parityÄgÄd vyÄptiryasya vilaká¹£aá¹‡Ä /	sarva indriya parityÄgÄt vyÄptiá¸¥ yasya vilaká¹£aá¹‡Ä 	Whose all-pervasiveness is unique due to the renunciation of all senses,
['MBsatcakranirnayaHK-172']	á¹£Äá¸guá¹‡yaguá¹‡asaá¹ƒyuktÄ tasmai vyÄptÄtmane namaá¸¥ // //	á¹£Äá¸guá¹‡ya guá¹‡a saá¹ƒyuktÄ tasmai vyÄpta Ätmane namaá¸¥ 	Endowed with the qualities of the six excellences, salutations to that Pervasive Self.
['MBsatcakranirnayaHK-173']	jÃ±ÄnÄdi guá¹‡asaá¹ƒyuktaá¹ƒ varjitaá¹ƒ prÄká¹›taá¹ƒ guá¹‡aiá¸¥ /	jÃ±Äna Ädi guá¹‡a saá¹ƒyuktam varjitam prÄká¹›tam guá¹‡aiá¸¥ 	Endowed with the qualities of knowledge and so on, devoid of the qualities of nature,
['MBsatcakranirnayaHK-174']	ká¹£ayotpatti na yasyasthastasmai nityÄtmane namaá¸¥ // //	na yasya sthaá¸¥ tasmai nitya Ätmane namaá¸¥ 	To whom there is no destruction or origination, salutations to that Eternal Self.
['MBsatcakranirnayaHK-175']	yasya mÅ«laá¹ƒ na cÄgraá¹ƒ ca na diÅ›o vidiÅ›astathÄ /	yasya mÅ«lam na ca agram ca na diÅ›aá¸¥ vidiÅ›aá¸¥ tathÄ 	Who has no root or top, no directions or intermediate directions,
['MBsatcakranirnayaHK-176']	na Å›abdo na tathÄkÄÅ›astasmai Å›Å«nyÄtmane namaá¸¥ // //	na Å›abdaá¸¥ na tathÄ ÄkÄÅ›aá¸¥ tasmai Å›Å«nya Ätmane namaá¸¥ 	No sound or space, salutations to that Void Self.
['MBsatcakranirnayaHK-177']	vÄ / paÅ›yatyaká¹£irahitaá¸¥ svÄdaá¹ƒ bindatya jihvakaá¸¥ /	vÄ paÅ›yati aká¹£i rahitaá¸¥ svÄdam jihvakaá¸¥ 	The eye sees without the eye, the tongue tastes without the tongue,
['MBsatcakranirnayaHK-178']	p / akará¹‡aá¸¥ Å›á¹›á¹‡ute yaÅ›ca tasmai cittrÄtmane namaá¸¥ // //	a kará¹‡aá¸¥ Å›á¹›á¹‡ute yaá¸¥ ca tasmai cittra Ätmane namaá¸¥   	And the ear hears without the ear, salutations to that Miraculous Self.
['MBsatcakranirnayaHK-179']	viÅ›vaá¹ƒ kÄraá¹‡anirhÄ«nastasmai sraá¹£á¹­Ätmane namaá¸¥ // //	viÅ›vam kÄraá¹‡a nirhÄ«naá¸¥ tasmai sraá¹£á¹­Ä Ätmane namaá¸¥ 	The universe without any cause, salutations to that Creative Self.
['MBsatcakranirnayaHK-180']	yathÄ kÄlo hyasÅ«tropi kurute kÄryasÄdhanam /	yathÄ kÄlaá¸¥ kurute kÄrya sÄdhanam 	Just as time, though without a thread, accomplishes its purpose,
['MBsatcakranirnayaHK-181', 'MBsatcakranirnayaHK-182']	tathaiva kartÄ yo nityaá¹ƒ tasmaikartrÄtmane namaá¸¥ // //ğŸ”½yo nityaá¹ƒ vasate dehe viÅ›vamadhye vyavasthitaá¸¥ /	tathÄ eva kartÄ yaá¸¥ nityam tasmai kartá¹› Ätmane namaá¸¥  / yaá¸¥ nityam vasate dehe viÅ›va madhye vyavasthitaá¸¥ 	Salutations to that one who is the eternal creator.ğŸ”½He who always dwells in the body, established in the midst of the universe,
['MBsatcakranirnayaHK-183']	sthairya rÅ«paá¹ƒ samÄsÄdya tasmai sthityÄtmane namaá¸¥ // //	sthairya rÅ«pam samÄsÄdya tasmai sthiti Ätmane namaá¸¥  /	Attaining stability and form, salutations to that one who is the essence of stability.
['MBsatcakranirnayaHK-184']	yasya viÅ›vamidaá¹ƒ haá¹ƒsarkÄlamekaá¹ƒ bruvantitam /	yasya viÅ›vam idam haá¹ƒsa á¹›k alam ekam bruvanti tam 	He in whom this entire universe is said to be a single entity,
['MBsatcakranirnayaHK-185']	saá¹ƒharetkevalÄtmÄ ca tasmai kÄlÄtmane namaá¸¥ // //	saá¹ƒharet kevala ÄtmÄ ca tasmai kÄla Ätmane namaá¸¥ 	And who would withdraw it as the sole self, salutations to that one who is the essence of time.
['MBsatcakranirnayaHK-186']	ya eko bahudhÄ rÅ«pairvasatyasmiÃ±carÄcare /	yaá¸¥ ekaá¸¥ bahudhÄ rÅ«paiá¸¥ vasati asmin carÄcare 	He who dwells in this world of moving and unmoving beings in many forms,
['MBsatcakranirnayaHK-187']	saá¹ƒhá¹›tyedaá¹ƒ punaÅ›caikaá¹ƒ tasmai mÄyÄtmane namaá¸¥ // //	saá¹ƒhá¹›tya idam punar ca ekam tasmai mÄyÄ Ätmane namaá¸¥ 	And again withdraws it into one, salutations to that one who is the essence of illusion.
['MBsatcakranirnayaHK-188']	viÅ›vaá¹ƒ jÃ±ÄnakarÄgreá¹‡a dhá¹›taá¹ƒ tattvasamanvitam /	viÅ›vam jÃ±Äna kara agreá¹‡a dhá¹›tam tattva samanvitam 	The universe, endowed with reality, is held at the tip of the hand of knowledge,
['MBsatcakranirnayaHK-189']	p / lÄ«layÄ bhrÄmyate yena tasmai vÄ«rÄtmane namaá¸¥ // //	lÄ«layÄ bhrÄmyate yena tasmai vÄ«ra Ätmane namaá¸¥   	By whom it is playfully whirled around, salutations to that one who is the essence of heroism.
['MBsatcakranirnayaHK-190']	brahmÄá¹‡á¸asya yathÄmadhye dá¹›Å›yate sará¹£apÄ kaá¹‡aá¸¥ /	brahmÄá¹‡á¸asya yathÄ madhye dá¹›Å›yate sará¹£apÄ kaá¹‡aá¸¥ 	Just as a mustard seed is seen in the middle of the universe,
['MBsatcakranirnayaHK-191']	brahmÄá¹‡á¸aá¹ƒ ca tathÄ yasya tasmai sthÅ«lÄtmane namaá¸¥ // //	brahmÄá¹‡á¸am ca tathÄ yasya tasmai sthÅ«la Ätmane namaá¸¥ 	And the universe is in him, salutations to that one who is the essence of the gross.
['MBsatcakranirnayaHK-192']	bÄlÄgra bhÄgaá¸¥ Å›ataÅ›aá¸¥ kalpitotha sahasraÅ›aá¸¥ /	bÄlÄgra bhÄgaá¸¥ Å›ataÅ›as kalpitaá¸¥ utha sahasraÅ›as 	A part of the tip of a hair is divided into hundreds and thousands,
['MBsatcakranirnayaHK-193']	yasyamÄnamidaá¹ƒ proktaá¹ƒ tasmai sÅ«ká¹£mÄtmane namaá¸¥ // //	yasya mÄnam idam proktam tasmai sÅ«ká¹£ma Ätmane namaá¸¥ 	The measure of which is said to be this, salutations to that one who is the essence of the subtle.
['MBsatcakranirnayaHK-194']	mahÄsthÄnaá¹ƒ Å›arÄ«re yassarvasatvairadhiá¹£á¹­hitaá¸¥ /	mahÄ sthÄnam Å›arÄ«re yaá¸¥ sarva satvaiá¸¥ adhiá¹£á¹­hitaá¸¥ 	He who is the great abode in the body, occupied by all beings,
['MBsatcakranirnayaHK-195']	satvapaÃ±jaranirmÄá¹‡aá¹ƒ tasmai ká¹£ettrÄtmane namaá¸¥ // //	sattva paÃ±jara nirmÄá¹‡am tasmai ká¹£ettra Ätmane namaá¸¥ 	To him, the embodiment of the field, I offer salutations.
['MBsatcakranirnayaHK-196']	ká¹£ettrajÃ±o jyotirÄtmÄ ca há¹›nmadhye tu vyavasthitaá¸¥ /	ká¹£ettrajÃ±aá¸¥ jyotiá¸¥ ÄtmÄ ca há¹›d madhye tu vyavasthitaá¸¥ 	The knower of the field, the luminous Self, resides in the middle of the heart.
['MBsatcakranirnayaHK-197']	yaá¸¥ Å›ucirnirmalohaá¹ƒsastasmai ká¹£e /trÄtmane namaá¸¥ // //	yaá¸¥ Å›uciá¸¥ nirmalaá¸¥ haá¹ƒsaá¸¥ tasmai ká¹£etra Ätmane namaá¸¥ 	He who is pure, stainless, and the swan, to him, the embodiment of the field, I offer salutations.
['MBsatcakranirnayaHK-198']	maha / stamasaá¸¥ pÄre unmanyÄtmÄnamujjvalam /	mahaá¸¥ tamasaá¸¥ pÄre unmanya ÄtmÄnam ujjvalam 	Beyond the great darkness, the radiant Self of UnmanÄ«,
['MBsatcakranirnayaHK-199']	p / yaá¹ƒ jÃ±ÄtvÄ na punarjanma tasmai jÃ±ÄnÄtmane namaá¸¥ // //	yam jÃ±ÄtvÄ na punarjanma tasmai jÃ±Äna Ätmane namaá¸¥   	Knowing whom, there is no rebirth, to him, the embodiment of knowledge, I offer salutations.
['MBsatcakranirnayaHK-200']	jÃ±Änena prÄpyate yasmÄt kÄryaá¹ƒ vai kÄraá¹‡ottaram /	jÃ±Änena prÄpyate yasmÄt kÄryam vai kÄraá¹‡a uttaram 	Since knowledge is attained, the effect is superior to the cause,
['MBsatcakranirnayaHK-201']	yÄvatsarvagatÄ tá¹›ptistasmai jÃ±ÄnÄtmane namaá¸¥ // //	yÄvat sarva gatÄ tá¹›ptiá¸¥ tasmai jÃ±Äna Ätmane namaá¸¥  /	As long as there is all-pervading satisfaction, to him, the embodiment of knowledge, I offer salutations.
['MBsatcakranirnayaHK-202']	dehamadhye sthito yacca nÄbhicakre paribhraman /	deha madhye sthitaá¸¥ yat ca nÄbhi cakre paribhraman 	And he who resides in the middle of the body, revolving in the navel cakra,
['MBsatcakranirnayaHK-203']	citprakÄÅ›o há¹›divyÄpÄ« tasmaijÄ«vÄtmane namaá¸¥ // //	cit prakÄÅ›aá¸¥ há¹›di vyÄpÄ« tasmai jÄ«va Ätmane namaá¸¥ 	The light of consciousness pervading the heart, to him, the individual Self, I offer salutations.
['MBsatcakranirnayaHK-204']	iá¸Ä gaá¹…gÄ mahÄpuá¹‡yÄ suá¹£umá¹‡Ä yamunÄ tathÄ /	iá¸Ä gaá¹…gÄ mahÄ puá¹‡yÄ suá¹£umá¹‡Ä yamunÄ tathÄ 	The highly meritorious IdÄ is the Ganges, and Suá¹£umnÄ is the YamunÄ.
['MBsatcakranirnayaHK-205']	tayoá¸¥ saá¹ƒkrÄ«á¸ate yaÅ›ca tasmaihaá¹ƒsÄtmane namaá¸¥ // //	tayoá¸¥ saá¹ƒkrÄ«á¸ate yaá¸¥ ca tasmai haá¹ƒsa Ätmane namaá¸¥ 	He who sports between them, to him, the embodiment of the swan, I offer salutations.
['MBsatcakranirnayaHK-206']	yaá¸¥ Å›uddhaá¸¥ Å›uklapaká¹£e tu Å›uklagaá¹…gÄjale sthitaá¸¥ /	yaá¸¥ Å›uddhaá¸¥ Å›ukla paká¹£e tu Å›uklagaá¹…gÄ jale sthitaá¸¥ 	He who is pure, in the bright fortnight, residing in the waters of the white Ganges,
['MBsatcakranirnayaHK-207']	Å›uklakarmarato nityaá¹ƒ tasmai Å›uklÄtmane namaá¸¥ // //	Å›ukla karma rataá¸¥ nityam tasmai Å›ukla Ätmane namaá¸¥ 	Always engaged in white deeds, to him, the embodiment of the white, I offer salutations.
['MBsatcakranirnayaHK-208']	yaá¸¥ ká¹›á¹£á¹‡aá¸¥ ká¹›á¹£á¹‡apaká¹£e tu saá¹ƒsthito yamunÄ jale /	yaá¸¥ ká¹›á¹£á¹‡aá¸¥ ká¹›á¹£á¹‡apaká¹£e tu saá¹ƒsthitaá¸¥ yamunÄ jale 	He who is dark, in the dark fortnight, residing in the waters of the YamunÄ,
['MBsatcakranirnayaHK-209']	krÅ«rakarmarato nityaá¹ƒ / tasmai ká¹›á¹£á¹‡Ätmane namaá¸¥ // //	krÅ«ra karma rataá¸¥ nityam tasmai ká¹›á¹£á¹‡a Ätmane namaá¸¥ 	Always engaged in cruel actions, salutations to that form of Krishna.
['MBsatcakranirnayaHK-210']	p / re /cakena vahennityaá¹ƒ á¹£aá¸rasÄ svÄdalampaá¹­aá¸¥ /	recakena vahet nityam á¹£aá¹£ rasÄ svÄda lampaá¹­aá¸¥ 	One who always moves with the breath, greedy for the taste of the six flavors,
['MBsatcakranirnayaHK-211', 'MBsatcakranirnayaHK-212']	yastejastapate nityaá¹ƒ tasmai sÅ«ryÄtmane namaá¸¥ // //ğŸ”½pÅ«rake nivasedyaÅ›ca niÅ›ÄyÄmamá¹›tÄtmakaá¸¥ /	yaá¸¥ tejaá¸¥ tapate nityam tasmai sÅ«rya Ätmane namaá¸¥  pÅ«rake nivaset yaá¸¥ ca niÅ›ÄyÄm amá¹›ta Ätmakaá¸¥ 	Salutations to that form of the sun, which always shines with brilliance.ğŸ”½One who resides in the filling breath during the night, having the nature of nectar,
['MBsatcakranirnayaHK-213']	ÄpyÄyana karo nityaá¹ƒ tasmai somÄtmane namaá¸¥ // //	ÄpyÄyana karaá¸¥ nityam tasmai soma Ätmane namaá¸¥  /	Always causing satisfaction, salutations to that form of the moon.
['MBsatcakranirnayaHK-214']	yastá¹›ptastarpayeddevÄndevayÄnenasaá¹ƒsthitÄn /	yaá¸¥ tá¹›ptaá¸¥ tarpayet devÄn deva yÄnena saá¹ƒsthitÄn 	One who, being satisfied, offers oblations to the gods abiding in the path of the gods,
['MBsatcakranirnayaHK-215']	pitá¹á¹‡Äá¹ƒ pitá¹›sthÄnena tasmai vahnyÄtmane namaá¸¥ // //	pitá¹á¹‡Äm pitá¹› sthÄnena tasmai vahni Ätmane namaá¸¥ 	And to the ancestors in the place of the ancestors, salutations to that form of fire.
['MBsatcakranirnayaHK-216']	sÅ«ryasya grahaá¹‡e yaÅ›ca viá¹£uvena ca saá¹ƒyutam /	sÅ«ryasya grahaá¹‡e yaá¸¥ ca viá¹£uvena ca saá¹ƒyutam 	One who, at the time of the eclipse of the sun, united with the equinox,
['MBsatcakranirnayaHK-217']	iá¸Äpiá¹…galayormadhye saá¹ƒlÄ«no há¹›dayÄntare // //	iá¸Ä piá¹…galayoá¸¥ madhye saá¹ƒlÄ«naá¸¥ há¹›daya antare 	Is merged in the middle of Ida and Pingala, in the heart,
['MBsatcakranirnayaHK-218']	yatpuá¹‡yaá¹ƒ havyakavyena tasmai tÄ«rthÄtmane namaá¸¥ // //	yat puá¹‡yam havya kavyena tasmai tÄ«rtha Ätmane namaá¸¥ 	Salutations to that form of the sacred place, which is the merit of offering oblations to the gods and ancestors.
['MBsatcakranirnayaHK-219']	candrodaye candragatyÄ iá¸Äá¹ƒÅ›e piá¹…galÄrpitam /	candra udaye candra gatyÄ iá¸Ä aá¹ƒÅ›e piá¹…gala arpitam 	At the rising of the moon, moving like the moon, in the Ida part, merged in Pingala,
['MBsatcakranirnayaHK-220']	yaá¸¥ Å›reyaá¸¥ sarvakÄryÄá¹‡Äá¹ƒ tasmai lagnÄtmane namaá¸¥ // //	yaá¸¥ Å›reyaá¸¥ sarva kÄryÄá¹‡Äm tasmai lagna Ätmane namaá¸¥ 	One who is the best of all actions, salutations to that form of the ascendant.
['MBsatcakranirnayaHK-221']	dvÄdaÅ›Änte Å›ubhe ká¹£ettre Å›ivarÄhusamanvitam /	dvÄdaÅ›Änte Å›ubhe ká¹£ettre Å›iva rÄhu samanvitam 	At the end of the twelve, in the auspicious field, united with Shiva and Rahu,
['MBsatcakranirnayaHK-222']	p / citsÅ«ryagrahaá¹‡aá¹ƒ yatra tasmai sthÄnÄtmane namaá¸¥ // //	cit sÅ«rya grahaá¹‡am yatra tasmai sthÄna Ätmane namaá¸¥   	Where there is the eclipse of the sun of consciousness, salutations to that form of the place.
['MBsatcakranirnayaHK-223']	yatra candro hyapÄnÄkhyo yatra cÄstaá¹…gato raviá¸¥ /	yatra candraá¸¥ hi apÄna Äkhyaá¸¥ yatra ca astaá¹…gataá¸¥ raviá¸¥ 	Where the moon is called apana, where the sun has set,
['MBsatcakranirnayaHK-224']	prÄá¹‡ÄpÄnaká¹£ayo yatra tasmai mantrÄtmane namaá¸¥ // //	prÄá¹‡a apÄna ká¹£ayaá¸¥ yatra tasmai mantra Ätmane namaá¸¥ 	Where the destruction of prana and apana is, salutations to that mantra-soul.
['MBsatcakranirnayaHK-225']	brahmÄrpaá¹‡avidhÄnena dinarÄtri pariká¹£ayÄt /	brahma arpaá¹‡a vidhÄnena dina rÄtri pariká¹£ayÄt 	By the injunction of offering to Brahman, by the end of day and night,
['MBsatcakranirnayaHK-226']	pÅ«jyate yogibhi yaÅ›ca tasmai pÅ«jyÄtmane namaá¸¥ // //	pÅ«jyate yaá¸¥ ca tasmai pÅ«jya Ätmane namaá¸¥ 	He who is worshipped by yogis, salutations to that worshipable soul.
['MBsatcakranirnayaHK-227']	svayamuccarate yaÅ›ca svadehÄvasthitaá¸¥ Å›ivaá¸¥ /	svayam uccarate yaá¸¥ ca sva deha avasthitaá¸¥ Å›ivaá¸¥ 	He who recites himself, Shiva residing in one's own body,
['MBsatcakranirnayaHK-228']	dehÄnte moká¹£ado yaÅ›ca tasmai japyÄtmane namaá¸¥ // //	dehÄnte moká¹£a daá¸¥ yaá¸¥ ca tasmai japya Ätmane namaá¸¥ 	Who grants liberation at the end of the body, salutations to that japa-soul.
['MBsatcakranirnayaHK-229']	citká¹›á¹£Äá¹‡urmano hotÄ amá¹›tÄkhyÄ parÄhá¹›tiá¸¥ /	cit ká¹›á¹£Äá¹‡uá¸¥ manaá¸¥ hotÄ amá¹›ta ÄkhyÄ parÄhá¹›tiá¸¥ 	The mind is the priest, the syllable of consciousness is the mantra, the supreme offering is called immortality,
['MBsatcakranirnayaHK-230']	yatra mantro hakÄrÄkhyastasmai hotÄtmane namaá¸¥ // //	yatra mantraá¸¥ hakÄra Äkhyaá¸¥ tasmai hotÄ Ätmane namaá¸¥  /	Where the mantra is called the letter ha, salutations to that priest-soul.
['MBsatcakranirnayaHK-231']	sarvadevasthito devaá¸¥ saptÄrciá¸¥ parameÅ›varaá¸¥ /	sarva deva sthitaá¸¥ devaá¸¥ saptÄrciá¸¥ parameÅ›varaá¸¥ 	The god residing in all gods, the seven-rayed supreme lord,
['MBsatcakranirnayaHK-232']	yaÅ›cÄntaá¸¥ á¹£aá¸rasÄhÄrastasmai bhoktÄtmane namaá¸¥ // //	yaá¸¥ ca antar á¹£aá¹£ rasa ÄhÄraá¸¥ tasmai bhoktÄ Ätmane namaá¸¥ 	Who is the food of six tastes within, salutations to that enjoyer-soul.
['MBsatcakranirnayaHK-233']	p / yo nityaá¹ƒ bhÄsayet samyak mayÅ«khairmahÄdyutiá¸¥ /	yaá¸¥ nityam bhÄsayet samyak mayÅ«khaiá¸¥ mahÄ dyutiá¸¥ 	The one who always illuminates perfectly with great rays,
['MBsatcakranirnayaHK-234']	sa bÄhyÄbhyantaraá¹ƒ sarvaá¹ƒ tasmai bhÄsÄtmane namaá¸¥ // //	sa bÄhya Äbhyantaram sarvam tasmai bhÄsa Ätmane namaá¸¥ 	Who is everything external and internal, salutations to that light-soul.
['MBsatcakranirnayaHK-235']	yo vyomaparamaá¹ƒ brahma citprakÄÅ›aá¹ƒ nirÄmayam /	yaá¸¥ vyoma paramam brahma cit prakÄÅ›am nirÄmayam 	Who is the supreme Brahman in the sky, the light of consciousness, free from disease,
['MBsatcakranirnayaHK-236']	bhÅ«tÄkÄÅ›aá¹ƒ parityajya tasmai vyomÄtmane namaá¸¥ // //	bhÅ«tÄkÄÅ›am parityajya tasmai vyoma Ätmane namaá¸¥ 	Abandoning the elemental space, salutations to that sky-soul.
['MBsatcakranirnayaHK-237']	yovinidrÄ mahÄbodhÄ yuÃ±jÄnÄá¸¥ saá¹ƒyatendriyÄá¸¥ /	yovinidrÄá¸¥ mahÄ bodhÄá¸¥ yuÃ±jÄnÄá¸¥ saá¹ƒyata indriyÄá¸¥ 	Those who are awake to the great truth, who are devoted to yoga, and who have controlled their senses,
['MBsatcakranirnayaHK-238', 'MBsatcakranirnayaHK-239']	paÅ›yanti jyotiá¹£Äá¹ƒ jyotistasmai yogÄtmane namaá¸¥ // //ğŸ”½pÅ«rake yo bahirbrahmÄ kumbhake viá¹£á¹‡ureva ca /	paÅ›yanti jyotiá¹£Äm jyotiá¸¥ tasmai yoga Ätmane namaá¸¥  pÅ«rake yaá¸¥ bahis brahmÄ kumbhake viá¹£á¹‡uá¸¥ eva ca 	Salutations to that Self of Yoga, whom the Yogins, who are engaged in Yoga, with their senses controlled, and who are in deep meditation, see as the light of all luminous bodies.
['MBsatcakranirnayaHK-240', 'MBsatcakranirnayaHK-241']	recake yo vasedrudrastasmai prÄá¹‡Ätmane namaá¸¥ // //ğŸ”½brahmatve sá¹›jate viÅ›vaá¹ƒ viá¹£á¹‡utve sthiti ká¹›Å›cayaá¸¥ /	recake yaá¸¥ vaset rudraá¸¥ tasmai prÄá¹‡a Ätmane namaá¸¥  brahma tve sá¹›jate viÅ›vam viá¹£á¹‡u tve sthiti ká¹›Å›cayaá¸¥ 	Salutations to that Self of Prana, in whom Brahma resides during Puraka (inhalation), Vishnu during Kumbhaka (retention), and Rudra during Recaka (exhalation).
['MBsatcakranirnayaHK-242', 'MBsatcakranirnayaHK-243']	rudratve saá¹ƒharatyeva tasmai sthityÄtmane namaá¸¥ // //ğŸ”½mÄtrÄ paÃ±cakasaá¹ƒyuktaá¹ƒ prasÄde paÃ±cadaivatam /	rudra tve saá¹ƒharati eva tasmai sthiti Ätmane namaá¸¥                  	Salutations to that Self of Sustenance, who creates the universe in the form of Brahma, sustains it in the form of Vishnu, and withdraws it in the form of Rudra.
['MBsatcakranirnayaHK-244', 'MBsatcakranirnayaHK-245']	p / manunÄtrÄ yate yena tasmai mantrÄtmane namaá¸¥ // //ğŸ”½svayambaÅ›carate yaÅ›ca svalpavá¹›tti halÄká¹›tiá¸¥ /	manunÄ atrÄ yate yena tasmai mantra Ätmane namaá¸¥    svayambaá¸¥ carate yaá¸¥ ca su alpa vá¹›tti hala Äká¹›tiá¸¥ 	Salutations to that Self of Mantra, by whom the fivefold Pranayama, consisting of five parts, is performed with the five deities in the five places.
['MBsatcakranirnayaHK-246', 'MBsatcakranirnayaHK-247']	anÄhata paraá¸¥ Å›Äntastasmai vará¹‡Ätmane namaá¸¥ // //ğŸ”½sragivagrathito yena prÄká¹›to bhumisaÃ±cayaá¸¥ /	anÄhata paraá¸¥ Å›Äntaá¸¥ tasmai vará¹‡a Ätmane namaá¸¥  sraj iva grathitaá¸¥ yena prÄká¹›taá¸¥ bhumi saÃ±cayaá¸¥ 	Salutations to that Self of Varnas, who moves by himself, in a small form, in the form of a plough, beyond the path of the five winds, and is supremely tranquil.
['MBsatcakranirnayaHK-248', 'MBsatcakranirnayaHK-249']	dharmÄdharma mayaiá¸¥ paÅ›aistasmai vandhÄtmane namaá¸¥ // //ğŸ”½sarvÄdvanapathÄtÄ«ta munmanyate vyavasthitam /	dharma adharma mayaiá¸¥ paÅ›aiá¸¥ tasmai vandha Ätmane namaá¸¥  / sarvÄt vana patha atÄ«ta m unmanyate vyavasthitam 	Salutations to that Self of Bondage, by whom the natural accumulation of earth is bound together like a garland, with the bonds of Dharma and Adharma.
['MBsatcakranirnayaHK-250']	sarvÄkhyeyaá¹ƒ paraá¹ƒÅ›Äntaá¹ƒ tasmai moká¹£Ätmane namaá¸¥ // //	sarva Äkhyeyam param Å›Äntam tasmai moká¹£a Ätmane namaá¸¥ 	Salutations to that Self of Liberation, which is beyond all paths, is established in the mind, is beyond all description, and is supreme peace.
['MBsatcakranirnayaHK-251']	yasya pÄ«á¹­hamidaá¹ƒ viÅ›vaá¹ƒ mÅ«rtivyomÄtmikÄ bhavet /	yasya pÄ«á¹­ham idam viÅ›vam mÅ«rti vyoma ÄtmikÄ bhavet 	To him, whose seat is this universe, which would be of the form of the sky,
['MBsatcakranirnayaHK-252']	lÄ«yante sarva tatvÄni tasmai liá¹…gÄtmane namaá¸¥ // //	lÄ«yante sarva tatvÄni tasmai liá¹…ga Ätmane namaá¸¥   	and all the principles merge into him, salutations to him, the one having the form of the Linga.
['MBsatcakranirnayaHK-253']	unmanyantaá¹ƒ paraá¹ƒ Å›uddhaá¹ƒ samanÄvastu niá¹£kalam /	unmanyantam param Å›uddham samanÄ vastu niá¹£kalam 	The supreme, pure, beyond the state of unmanyness, the object of the samanaveda, the partless,
['MBsatcakranirnayaHK-254']	vyÄpinyÄ sakalaá¹ƒ yaÅ›ca tasmai muktyÄtmane namaá¸¥ // //	vyÄpinyÄ sakalam yaá¸¥ ca tasmai mukti Ätmane namaá¸¥ 	and he who is the all-pervading, all-encompassing, salutations to him, the one having the nature of liberation.
['MBsatcakranirnayaHK-255']	p / calÄcaleá¹£u sarveá¹£u viÅ›vamadhye vyavasthitaá¸¥ /	cala acaleá¹£u sarveá¹£u viÅ›va madhye vyavasthitaá¸¥ 	He who is established in the midst of the universe in all the moving and unmoving,
['MBsatcakranirnayaHK-256']	mÄyÄá¹ƒbÄddhÄsthito yaÅ›ca tasmai sarvÄtmane namaá¸¥ // //	yaá¸¥ ca tasmai sarvÄtmane namaá¸¥ 	and who is situated in the abode of Maya, salutations to him, the one having the nature of all.
['MBsatcakranirnayaHK-257']	stavarÄjasamaá¹ƒ divyaá¹ƒ jÃ±ÄnÄÃ±janamanaÅ›varam /	stavarÄja samam divyam jÃ±Äna aÃ±janam anaÅ›varam 	The divine, imperishable, knowledge-producing eye, equal to the king of hymns,
['MBsatcakranirnayaHK-258']	ajÃ±ÄnatimirÄndhasya unmÄ«lanakaraá¹ƒ smá¹›tam // //	ajÃ±Äna timira andhasya unmÄ«lana karam smá¹›tam 	is known to be the opener of the eyes of the one blinded by the darkness of ignorance.
['MBsatcakranirnayaHK-259']	narÄá¹‡Äá¹ƒ ká¹£Ä«á¹‡apuá¹‡yÄnÄá¹ƒ sadyodharmavivardhanam /	narÄá¹‡Äm ká¹£Ä«á¹‡a puá¹‡yÄnÄm sadyas dharma vivardhanam 	For men whose merit is exhausted, it instantly increases righteousness,
['MBsatcakranirnayaHK-260']	paraá¹ƒ Å›uddhaá¹ƒ pavitraá¹ƒ ca sarvaduá¸¥khanivÄraá¹‡am // //	param Å›uddham pavitram ca sarva duá¸¥kha nivÄraá¹‡am 	is supreme, pure, purifying, and removes all suffering.
['MBsatcakranirnayaHK-261']	adhyÄtmaguá¹‡asaá¹ƒpÅ«rá¹‡aá¹ƒ jÃ±ÄtvÄ yaá¸¥ paá¹­hate naraá¸¥ /	adhyÄtma guá¹‡a saá¹ƒpÅ«rá¹‡am jÃ±ÄtvÄ yaá¸¥ paá¹­hate naraá¸¥ 	The man who, knowing it to be full of spiritual qualities, recites it,
['MBsatcakranirnayaHK-262']	sarvapÄpaviÅ›uddhÄtmÄ sa gacchecchÄ Å›vataá¹ƒ padam // //	sarva pÄpa viÅ›uddha ÄtmÄ sa gaccha icchÄ Å›vatam padam 	with his soul purified from all sins, he goes to the state of Shiva.
['MBsatcakranirnayaHK-263']	MUKTABODHA INDOLOGICAL RESEARCH INSTITUTE Muktabodha Indological Research Institute All Rights Reserved /Etexts may be viewed only online or downloaded for private study /Etexts may not / under any circumstances / be copied / republished /reproduced / distributed or sold / either in original or altered form / withoutthe express permission of Muktabodha Indological Research Institute in writing /Dataentered by the staff of Muktabodha under the direction of Mark S / G / Dyczkowski /	muktabodha indological research muktabodha indological research institute all rights reserved texts may be viewed only online or downloaded for private studye texts may not under any circumstances be copied republished reproduced distributed or sold either in original or altered form withoutthe express permission of muktabodha indological research institute in writing data entered by the staff of muktabodha under the direction of mark s g dyczkowski 	Muktabodha Indological Research Institute Muktabodha Indological Research Institute All Rights Reserved. Texts may be viewed online or downloaded for private study. Texts may not be otherwise copied, republished, redistributed, or resold in any form or by any means, in whole or in part, without prior written permission of Muktabodha Indological Research Institute. Text entered by the staff of Muktabodha under the direction of Mark S. G. Dyczkowski.
