segmentnr	original	analyzed
SA_MBK_ulasaaraHK-0	Muktabodha E-text in UTF-8	muktabodha etext in utf
SA_MBK_ulasaaraHK-1	###########################################################################MUKTABODHA INDOLOGICAL RESEARCH INSTITUTEwww.muktabodha.org©2011 Muktabodha Indological Research Institute  All Rights Reserved.E-texts may be viewed only online or downloaded for private study.E-texts may not, under any circumstances, be copied, republished,reproduced, distributed or sold, either in original or altered form, withoutthe express permission of Muktabodha Indological Research Institute in writing.Data-entered by the staff of Muktabodha under the direction of Mark S. G. Dyczkowski.Catalog number : M00285	muktabodha indological research muktabodha indological research institute all rights reserved texts may be viewed only online or downloaded for private studye texts may not under any circumstances be copied republished reproduced distributed or sold either in original or altered form withoutthe express permission of muktabodha indological research institute in writing data entered by the staff of muktabodha under the direction of mark s g dyczkowskicatalog number  /
SA_MBK_ulasaaraHK-2	Uniform title: kulasāra	uniform title kulasāra 
SA_MBK_ulasaaraHK-3	Secondary title: kaulasārasaṃgraha	secondara title kaula sāra saṃgraha 
SA_MBK_ulasaaraHK-4	Secondary title: kulācāranirṇaya	secondara title kula ācāra nirṇaya 
SA_MBK_ulasaaraHK-5	Manuscript : NGMCP 3-251 reel number A 150/16	reel number a 
SA_MBK_ulasaaraHK-6	Description: This manuscript is called Kulasāra, but is in fact a collection of fragment of three Kaula tracts. The first is Kaulsārasaṃgraha which, according to the colophons is a part of the Somabhujavalī. It begins with chapter 24 and extends up to to chapter 26. It is followed by the Kulaacāranirṇaya which extends from chapter 1 to 5. The third fragment is chapter eighteen of a work belonging to the śrīvidyā lineage of Subhagānandanātha. It deals with the funerary rites of a Kaula. The texts of which these are fragments in the format of a Tantra, outlining the principles of Kaula ritual and practice. They are typical Kaula work belonging to the latter period, that is, after the 13th century. Indeed such texts can be treated as an independent class of Kaula works of which the Kulārṇavatantra is one of the earliest.	description this manuscript is called kulasāra but is in fact a collection of fragment of three kaula tracts the first is kaulsārasaṃgraha which according to the colophons is a part of the somabhujavalī it begins with chapter and extends up to chapter it is followed by the kulaacāranirṇaya which extends from chapter to the third fragment is chapter eighteen of a work belonging to the śrīvidyā lineage of subhagānandanātha it deals with the funerary rites of a kaula the texts of which the coloph
SA_MBK_ulasaaraHK-7	Notes: Revision 0: December 17,  2013	notes revision december 
SA_MBK_ulasaaraHK-8	Publication country : India	publication country india 
SA_MBK_ulasaaraHK-9	oṃ namaḥ śivāyai ||	om namaḥ śivāyai 
SA_MBK_ulasaaraHK-10	śrīdevyuvāca ||	śrī devī uvāca 
SA_MBK_ulasaaraHK-11	ḍevadeva jagannātha sarvāṅgamavisārada |	ḍevadeva jagannātha sarva aṅgama visāra da 
SA_MBK_ulasaaraHK-12	śrotumicchāmi tatvena kaulikānāṃ mataṃ vibho ||	śrotum icchāmi tatvena kaulikānām matam vibho 
SA_MBK_ulasaaraHK-13	kecid vadanti munayaḥ strīvargaphaladaṃ mataṃ |	kecid vadanti munayaḥ strīvarga phala dam matam 
SA_MBK_ulasaaraHK-14	caturvargapradaṃ kecid vadanti muni sattamaḥ ||	caturvarga pradam kecid vadanti muni sattamaḥ 
SA_MBK_ulasaaraHK-15	tasyāśāmavidhiṃ deva śrotumicchāmichāmi tatvata |	tasya āśām avidhim deva śrotum icchām icchāmi tatvata 
SA_MBK_ulasaaraHK-16	etanme saṃsayaṃ chindhi kenācin tamidaṃ sataṃ ||	etat me saṃsayam chinddhi kenācid tam idam satam 
SA_MBK_ulasaaraHK-17	śrī īśvara uvāca ||	śrī īśvaraḥ uvāca 
SA_MBK_ulasaaraHK-18	ahaṃ te kathayīṣyāmi kulasāraṃ samāsata |	aham te kathayīṣyāmi kula sāram samāsata 
SA_MBK_ulasaaraHK-19	etat prasanna mayā devi brahmāgre kathitaṃ purā ||	etat prasanna mayā devi brahmā agre kathitam purā 
SA_MBK_ulasaaraHK-20	tato brahmā samāgreṇa nijagnāda yathā śṛṇu |	tatas brahmā samāgreṇa nijagnāda yathā śṛṇu 
SA_MBK_ulasaaraHK-21	devayāni yadā devi kvacinādenu jālaye ||	devayāni yadā devi 
SA_MBK_ulasaaraHK-22	modayaḥ māsamantrārthi mṛtasaṃjīvamāya vai |	vai 
SA_MBK_ulasaaraHK-23	tadātmānāṃdadau tasmai tatra satvaka visvarāṃ ||	tadā ātmānām dadau tasmai tatra visvarām 
SA_MBK_ulasaaraHK-24	madhyaṃ yātubhiḥ sarvatra hlālāmati vināsanī |	madhyam yātubhiḥ sarvatra hlālāmati vināsanī 
SA_MBK_ulasaaraHK-25	tato devāṃ surāṃ tyaktvā somapārāsaṃkhyā? bhava ||	tatas devām surām tyaktvā somapārā asaṃkhyā bhava 
SA_MBK_ulasaaraHK-26	tvadva prabhuti devānāṃ balahānirajāyata |	devānām bala hāniḥ ajāyata 
SA_MBK_ulasaaraHK-27	tadā devāraṇe jaghna dānavāmvargakāṃkṣiṇe ||	tadā deva raṇe jaghna 
SA_MBK_ulasaaraHK-28	tadā mayā vidhi pṛṣṭo devānāṃ hitakāmyayā |	tadā mayā vidhi pṛṣṭaḥ devānām hita kāmyayā 
SA_MBK_ulasaaraHK-29	1b)	b 
SA_MBK_ulasaaraHK-30	kenopāyena deveśa devānāṃ vijayi bhavet |	kena upāyena deveśa devānām vijayi bhavet 
SA_MBK_ulasaaraHK-31	surāvihīnāstri daśā balahinā bhavaṃ ita ||	surā vihīnāḥ tri daśā bala hināḥ bhavan ita 
SA_MBK_ulasaaraHK-32	kathaṃ suddhi bhavet tasyā vāsā medhyā bhavennavā |	katham bhavet tasyāḥ vāsā medhyā bhavet navā 
SA_MBK_ulasaaraHK-33	kaulikaṃ matamādhyāyaṃ kimuvarga catusrayaṃ ||	kaulikam 
SA_MBK_ulasaaraHK-34	prāpnuvanti yathāmartyo tanmetyaṃ vaktumarhasi |	prāpnuvanti yathā amartyaḥ tat mā ityam vaktum arhasi 
SA_MBK_ulasaaraHK-35	brahmovāca ||	brahmā uvāca 
SA_MBK_ulasaaraHK-36	mayā śrutvā purā deva varṇāsra caturaḥ kilaṃ |	mayā śrutvā purā deva varṇa asra caturaḥ kilam 
SA_MBK_ulasaaraHK-37	tatra sarvasya varṇasya brāhmaṇaṃ gururucyate ||	tatra sarvasya varṇasya brāhmaṇam guruḥ ucyate 
SA_MBK_ulasaaraHK-38	taśoyamanyathā karṇaṃ kena sakyaṃ mayā vinā |	taśaḥ yam anyathā karṇam kena sakyam mayā vinā 
SA_MBK_ulasaaraHK-39	taṃ sarvasya gurusākṣī vāgameto viśeṣataḥ ||	tam sarvasya guru sākṣī vā āgama itas viśeṣataḥ 
SA_MBK_ulasaaraHK-40	tanmedhyaṃ kuru mantreṇa girīśaṃ girījā priye |	tat medhyam kuru mantreṇa girīśam girījā priye 
SA_MBK_ulasaaraHK-41	yena sāravyātpavitrāṇāṃ jāyate bhukti muktidāṃ ||	yena sāravyāt pavitrāṇām jāyate mukti dām 
SA_MBK_ulasaaraHK-42	tadvā carusya vidhivadve vaidvipragaṇai saha |	tat vā carusya vidhivat ve saha 
SA_MBK_ulasaaraHK-43	kauśikatvaṃmastraputra bhaviṣyati mamājñayā ||	bhaviṣyati mama ājñayā 
SA_MBK_ulasaaraHK-44	caturvargañca sarvesāṃ tasminmārgo bhaviṣyati |	caturvargam ca tasmin mārgaḥ bhaviṣyati 
SA_MBK_ulasaaraHK-45	viśeṣataḥ kaliyuge kaulikeśa muktibhājanāḥ ||	viśeṣataḥ kali yuge kaulikeśa mukti bhājanāḥ 
SA_MBK_ulasaaraHK-46	śrīsundaryāmanustatra pradhānaṃ kuru śaṃkari |	śrī sundaryām anuḥ tatra pradhānam kuru śaṃkari 
SA_MBK_ulasaaraHK-47	satyaṃ satyaṃ punaḥ satya satyameva punaḥ punaḥ ||	satyam satyam punar satya satyam eva punar punar 
SA_MBK_ulasaaraHK-48	tvaṃ kṛtaṃ kaulikaṃ mārgaṃ svargadaṃ bhuktimuktidaṃ |	tvam kṛtam kaulikam mārgam svarga dam bhukti mukti dam 
SA_MBK_ulasaaraHK-49	2a)	a 
SA_MBK_ulasaaraHK-50	rajāsatyaṃ namasteti triguṇaṃ śrutayojagu ||	rajā satyam namasta iti triguṇam 
SA_MBK_ulasaaraHK-51	triguṇātmahaṃ bhavechakti triguṇaṃ śruyatāṃ punaḥ |	bhavet śakti triguṇam punar 
SA_MBK_ulasaaraHK-52	pradhānaṃ puruṣo bhūtvā vinisākṣinidojaguḥ ||	pradhānam puruṣaḥ bhūtvā 
SA_MBK_ulasaaraHK-53	pradhānavācyāṃ śaktistu puruṣo nirguṇātmakaḥ |	pradhāna vācyām śaktiḥ tu puruṣaḥ nirguṇa ātmakaḥ 
SA_MBK_ulasaaraHK-54	sṛṣṭi sthiti vināsānāṃ vayaṃ kūrmastadājñayā ||	sṛṣṭi sthiti vināsānām vayam kūrmaḥ tad ājñayā 
SA_MBK_ulasaaraHK-55	sāsmākaṃ paramāśakti sṛṣṭisthiti vināsane |	sā asmākam vināsane 
SA_MBK_ulasaaraHK-56	sā tuṣyati hālātyānānta sarvaṃ kriyate paraṃ ||	sā tuṣyati sarvam kriyate param 
SA_MBK_ulasaaraHK-57	tena mārgeṇa sarveṣāṃ bhuktimukti bhaviṣyati |	tena mārgeṇa sarveṣām bhukti mukti bhaviṣyati 
SA_MBK_ulasaaraHK-58	tatra nindā prakuyuyesteṣāṃ hāri na saṃśayaḥ ||	tatra nindā prakuyuyeḥ teṣām hāri na saṃśayaḥ 
SA_MBK_ulasaaraHK-59	śukraśrāpa vimocākṣaṃ tanmukhyānti kariṣyati |	vimoca akṣam tad mukhya anti kariṣyati 
SA_MBK_ulasaaraHK-60	tena śrīmantrī japena paṃcaratnena mantritā ||	tena śrī mantrī japena paṃcaratnena mantritā 
SA_MBK_ulasaaraHK-61	surāsura vrajanti tena tṛptā ca śrī sundarī |	sura asura vrajanti tena tṛptā ca śrī sundarī 
SA_MBK_ulasaaraHK-62	taddravyastu pitā sarve māmajñā viṣṇuśaṃrāhā? ||	tad dravyaḥ tu pitā sarve mām ajñāḥ 
SA_MBK_ulasaaraHK-63	tṛptā syuḥ sarvalokānāṃ bhuktimukti pradāyakā |	tṛptā syuḥ sarva lokānām bhukti mukti pradāyakā 
SA_MBK_ulasaaraHK-64	kāraṇyaṃ śaktisaṃyuktaṃ pūjā karmaṇi kārayet ||	kāraṇyam śakti saṃyuktam pūjā karmaṇi kārayet 
SA_MBK_ulasaaraHK-65	śrīsadaiva uvāca ||	    uvāca 
SA_MBK_ulasaaraHK-66	iti tasya vaca śrutvā brahmaṇā parameṣṭhinaḥ |	iti tasya vaca śrutvā brahmaṇā parameṣṭhinaḥ 
SA_MBK_ulasaaraHK-67	2b)	b 
SA_MBK_ulasaaraHK-68	śukraśrāpavimocākṣaṃ mantrataṃ nirmitaṃ mayā |	śukra śrāpa vimoca akṣam nirmitam mayā 
SA_MBK_ulasaaraHK-69	tasmādvargacaṣṭaṃ vai manuṣyā kaulike mate ||	vai manuṣyā kaulike mate 
SA_MBK_ulasaaraHK-70	tatra yuktaṃ mayā devi janmatvaṃ paripṛchasi |	tatra yuktam mayā devi janma tvam paripṛcchasi 
SA_MBK_ulasaaraHK-71	tadanyaṃ sarva nabhyake? śṛṇumatprāṇavallabhe ||	tad anyam sarva nabhyake śṛṇumat prāṇa vallabhe 
SA_MBK_ulasaaraHK-72	iti śrīsomabhujavalyākulasārasaṃgrahe caturviṃśati paṭala ||	iti śrī somabhujavalyākulasārasaṃgrahe caturviṃśati paṭala 
SA_MBK_ulasaaraHK-73	śrīdevyuvāca ||	śrī devī uvāca 
SA_MBK_ulasaaraHK-74	purājaddamaladevaṃ toyoktaṃ vidhipūrvakaṃ |	toya uktam vidhi pūrvakam 
SA_MBK_ulasaaraHK-75	tustavyaṃ mantritaṃ dravyaṃ anyathā yatanaṃ bhavet ||	tustavyam mantritam dravyam anyathā yatanam bhavet 
SA_MBK_ulasaaraHK-76	vinādravyādhivāsena mantrena smaraṃ bhavet |	vinā a dravya adhivāsena mantrena smaram bhavet 
SA_MBK_ulasaaraHK-77	ye smaranti mahāmūḍhāsteṣāṃ duḥkhaṃ pade pade ||	ye smaranti mahā mūḍhāḥ teṣām duḥkham pade pade 
SA_MBK_ulasaaraHK-78	na mantreṇa vināpānaṃ na pānānmanu cintayet |	na mantreṇa vinā apānam na pānāt manu cintayet 
SA_MBK_ulasaaraHK-79	kathaṃ siddhe bhavedravyaṃ kenayā pūjanaṃ bhavet ||	katham siddhe bhavet ravyam kenayā pūjanam bhavet 
SA_MBK_ulasaaraHK-80	darśanaṃ sparśanaṃ tatvatprokṣaṇaṃ dravyasuddhidaṃ |	darśanam sparśanam dravya suddhi dam 
SA_MBK_ulasaaraHK-81	yonimudrā mṛtākhyā ca draṣṭavyā maṃtravisayai ||	yonimudrā mṛta ākhyā ca draṣṭavyā maṃtra visayai 
SA_MBK_ulasaaraHK-82	tato guru kramaṃ kṛtvā gurupādamanusmaran |	tatas guru kramam kṛtvā guru pādam anusmaran 
SA_MBK_ulasaaraHK-83	pātraṃ mevā pātramekaṃ kartavyaṃ mama desikaiḥ ||	pātram mevā pātram ekam kartavyam mama desikaiḥ 
SA_MBK_ulasaaraHK-84	tachipajyapanaṃ vālā paṃcaratnā mṛtājñayā |	vālā paṃcaratnā mṛta ājñayā 
SA_MBK_ulasaaraHK-85	surāyā caiva gāyatrīmānanda bhairavantathā ||	ca eva gāyatrīm ānanda bhairavan tathā 
SA_MBK_ulasaaraHK-86	ānanda bhairavī devī śukraśrāpa vimocanaṃ |	ānanda bhairavī devī śukra śrāpa vimocanam 
SA_MBK_ulasaaraHK-87	3a)	a 
SA_MBK_ulasaaraHK-88	ekaikaṃ cāṣṭavāla tu japtavyaṃ tarpayet tataḥ ||	ekaikam tu japtavyam tarpayet tatas 
SA_MBK_ulasaaraHK-89	dravyaṃ māṃsaṃ ca yāgālaṃ mudrāvāramadhujanaṃ |	dravyam māṃsam ca yāgālam mudrā vāra madhu janam 
SA_MBK_ulasaaraHK-90	ānanda bhaiṣyayed devi ekākāraṃ namāmyahaṃ ||	ānanda devi eka ākāram namāmi aham 
SA_MBK_ulasaaraHK-91	śrīdevyuvāca ||	śrī devī uvāca 
SA_MBK_ulasaaraHK-92	devyāpratikarapañca trairvinānāccaraṃ bhavet |	bhavet 
SA_MBK_ulasaaraHK-93	bhairavī cakramadhyasthaṃ sarvamedhyaṃ yathāmṛtaṃ ||	            
SA_MBK_ulasaaraHK-94	sarve parṇādvijāstatra na vikārosti kiñcana |	sarve kiñcana 
SA_MBK_ulasaaraHK-95	tripātraṃ pañcapātraṃ vā saptapātramathāpi vā ||	tri pātram pañca pātram vā sapta pātram atha api vā 
SA_MBK_ulasaaraHK-96	yāvannasmahyaṃte kiṃcit tāvat pānaṃ pracakṣyate |	kiṃcid tāvat pānam pracakṣyate 
SA_MBK_ulasaaraHK-97	asaskāraṃ bhavedravyaṃ balātkāreṇa maithunaṃ ||	asaskāram bhavet ravyam balātkāreṇa maithunam 
SA_MBK_ulasaaraHK-98	ubhayoḥ secanāddevi viropi narakaṃ vrajet |	ubhayoḥ secanāt devi viropi narakam vrajet 
SA_MBK_ulasaaraHK-99	ājñāyāṃ saṃgrahe devi iti śāstrasya nirṇayaṃ ||	ājñāyām saṃgrahe devi iti śāstrasya nirṇayam 
SA_MBK_ulasaaraHK-100	ekapātraṃ kṛtaṃ pānaṃ brahmahatyādi pātakaṃ |	eka pātram kṛtam pānam brahmahatyā ādi pātakam 
SA_MBK_ulasaaraHK-101	śaktyuchiṣṭaṃ pibedravyaṃ vīrochiṣṭaṃ tu carvaṇī ||	śakti uchiṣṭam pibet dravyam vīra uchiṣṭam tu carvaṇī 
SA_MBK_ulasaaraHK-102	vīrochiṣṭaṃ tathādravyaṃ śaktyuchiṣṭaṃ tu carvaṇī |	vīra uchiṣṭam tathā adravyam śakti uchiṣṭam tu carvaṇī 
SA_MBK_ulasaaraHK-103	cakramadhya na kartavyaṃ manyathā patanaṃ bhavet ||	na kartavyam patanam bhavet 
SA_MBK_ulasaaraHK-104	yadā nandā vasā devi śaktiprārthayate nara |	yadā nandā vasā devi śakti prārthayate nara 
SA_MBK_ulasaaraHK-105	maithunaṃ tatrā kartavyaṃ nātra kārya vicāraṇāt ||	maithunam tatra kartavyam na atra kārya vicāraṇāt 
SA_MBK_ulasaaraHK-106	3b)	b 
SA_MBK_ulasaaraHK-107	yāga dvitīyaṃ kartavyaṃ tena dravyeṇa mokṣadaṃ |	yāga dvitīyam kartavyam tena dravyeṇa mokṣa dam 
SA_MBK_ulasaaraHK-108	kvacitpānaṃ kvaciddhyānaṃ kvaciccarvanamācaret ||	kvacid pānam kvacid dhyānam kvacid carvanam ācaret 
SA_MBK_ulasaaraHK-109	carvaṇena vināpānaṃ kevalaṃ viṣavarddhanaṃ |	carvaṇena vinā apānam kevalam viṣa varddhanam 
SA_MBK_ulasaaraHK-110	carvaṇe yajaṃ pāna mamṛtaṃ parikīrtitaṃ ||	carvaṇe 
SA_MBK_ulasaaraHK-111	śrīdevyuvāca ||	śrī devī uvāca 
SA_MBK_ulasaaraHK-112	dravyaṃ kaṭiprakārasyāt pātraṃ vā kena nirmitaṃ |	dravyam kaṭi prakāra syāt pātram vā kena nirmitam 
SA_MBK_ulasaaraHK-113	śaktipadavirūpākṣa kīdṛśaṃ śaktiruttamaḥ ||	śakti pada virūpa akṣa kīdṛśam śaktiḥ uttamaḥ 
SA_MBK_ulasaaraHK-114	īśvara uvāca ||	īśvaraḥ uvāca 
SA_MBK_ulasaaraHK-115	śṛṇu devi pravakṣyāmi dravyaṃ yāvad bhavedihaṃ |	śṛṇu devi pravakṣyāmi dravyam yāvat bhavet iham 
SA_MBK_ulasaaraHK-116	gauḍī pauṣṭi tathā mādhvī khārjurī nārikelajā ||	             
SA_MBK_ulasaaraHK-117	tālajātandulādhyā ca drākṣī cāṣṭavidhāṃ surā |	ca drākṣī ca aṣṭavidhām surā 
SA_MBK_ulasaaraHK-118	gauḍī guḍodbhavā proktā paiṣṭipiṣṭakasaṃbhavā ||	               
SA_MBK_ulasaaraHK-119	mādhvī madhukajā devi chasarvataṇḍulodbhavya |	mādhvī madhuka jā devi 
SA_MBK_ulasaaraHK-120	gauḍī bhogavidā grāhyā mādhvī mukti pradāyanī ||	gauḍī bhoga vidā grāhyā mādhvī mukti pradāyanī 
SA_MBK_ulasaaraHK-121	sarvasiddhi karī paiṣṭī kharjurī ripunāsanī |	        
SA_MBK_ulasaaraHK-122	tālajasthaṃbhane proktā nārikelaṃ ca mohane ||	tāla ja sthaṃbhane proktā nārikelam ca mohane 
SA_MBK_ulasaaraHK-123	ākarṣanoccāṭanaṃ proktamāsavaṃ māraṇe vidha |	ākarṣana uccāṭanam proktam āsavam māraṇe vidha 
SA_MBK_ulasaaraHK-124	drākṣarājya pradaṃ grāhyāṃ hydanyaṃdābhicārake ||	grāhyām 
SA_MBK_ulasaaraHK-125	4a)	a 
SA_MBK_ulasaaraHK-126	gajavāji narāṇāṃ ca gavāmeṣa varāhayoḥ |	gaja vāji narāṇām ca gavām eṣa varāhayoḥ 
SA_MBK_ulasaaraHK-127	māhiṣaṃ khaḍagaṃ caiva māhāmāsāṣṭakaṃ priye ||	māhiṣam khaḍagam ca eva māhāmāsa aṣṭakam priye 
SA_MBK_ulasaaraHK-128	rajakī caiva kaivartī cāṇḍālī ca valāṃgaṇau |	rajakī ca eva kaivartī cāṇḍālī ca vala aṃgaṇau 
SA_MBK_ulasaaraHK-129	gopāraṇī ca gaṇīkā puṣpalityātma śaktayaḥ ||	gopāraṇī ca gaṇīkā śaktayaḥ 
SA_MBK_ulasaaraHK-130	hīnādhikāṃgidhivṛttā karkasā karahārthanī |	hīna adhika aṃgidhi vṛttā karkasā kara hārthanī 
SA_MBK_ulasaaraHK-131	kṛpābhaktiṃ ca rahitā varjanī pārvanā vidhau ||	kṛpā bhaktim ca rahitā varjanī vidhau 
SA_MBK_ulasaaraHK-132	suśruktā muditā śaktā surūpā śakti secitā |	su śruktā muditā śaktā surūpā śakti secitā 
SA_MBK_ulasaaraHK-133	pūjanīyā prayatnena kuladharmānuvartanī ||	pūjanīyā prayatnena kula dharma anuvartanī 
SA_MBK_ulasaaraHK-134	bahuparjyusitaṃ dravyaṃ yaddravyaṃ gandhavarjinī |	dravyam yat dravyam gandha varjinī 
SA_MBK_ulasaaraHK-135	uchiṣṭaṃ caiva durgandha varjatīrthanidasasaṃ ||	uchiṣṭam ca eva 
SA_MBK_ulasaaraHK-136	putrīmucheṣṭamāṃsaṃ tu nāgrāhyaṃ desikai kvacit |	putrī mucha iṣṭa māṃsam tu na agrāhyam kvacid 
SA_MBK_ulasaaraHK-137	grāhyate dīkṣitā sarve ekapātreṇa saṃgrahe ||	grāhyate dīkṣitā sarve eka pātreṇa saṃgrahe 
SA_MBK_ulasaaraHK-138	śrīdevyuvāca ||	śrī devī uvāca 
SA_MBK_ulasaaraHK-139	kadā pūjā prakartavyaṃ śaktiṃ tīrthā bhave ca kiṃ |	kadā pūjā prakartavyam śaktim tīrthāḥ bhave ca kim 
SA_MBK_ulasaaraHK-140	madobhāvena kiṃ grāhya śaktyārbhāve bhave ca kiṃ ||	madaḥ bhāvena kim 
SA_MBK_ulasaaraHK-141	phalaṃ nityārcanaṃ kiṃ vā arcite vā bhave ca kiṃ |	phalam nitya arcanam kim vā arcite vā bhave ca kim 
SA_MBK_ulasaaraHK-142	aśaktena paśuṃbhitvā jayā nityārcanaṃ bhavet ||	aśaktena paśum bhitvā jayā nitya arcanam bhavet 
SA_MBK_ulasaaraHK-143	tadā kiṃ vā prakartavyā pātraṃ vā kena nirmitaṃ |	tadā kim vā prakartavyā pātram vā kena nirmitam 
SA_MBK_ulasaaraHK-144	4b)	b 
SA_MBK_ulasaaraHK-145	ādhāraṃ kena kartavyaṃ tatra mokṣārta marhasi |	ādhāram kena kartavyam tatra mokṣa ārta m arhasi 
SA_MBK_ulasaaraHK-146	śrī īśvara uvāca ||	śrī īśvaraḥ uvāca 
SA_MBK_ulasaaraHK-147	nitya pūjā prakartavyaṃ paṃcaparvaṇi yā kvacit |	nitya pūjā prakartavyam paṃcaparvaṇi yā kvacid 
SA_MBK_ulasaaraHK-148	māsamekena kartavyamarcanastrividhi mataṃ ||	māsam ekena kartavyam arcanaḥ trividhi matam 
SA_MBK_ulasaaraHK-149	aṣṭamī navamī caiva caturdaśyāṃ pārvaṇena tu |	aṣṭamī navamī ca eva caturdaśyām pārvaṇena tu 
SA_MBK_ulasaaraHK-150	ekādaśyāṃ sevatevaṃ sarvadeva maheśvari ||	ekādaśyām sevatā ivam sarva deva maheśvari 
SA_MBK_ulasaaraHK-151	uttamānitya pūjā syāt paṃcaparvaṇi madhyamā |	uttamā anitya pūjā syāt paṃca parvaṇi madhyamā 
SA_MBK_ulasaaraHK-152	adhamāmāsa pūjāsyānmāsādūrddha paśuṃ bhavet ||	pūjā āsyāt māsāt ūrddha paśum bhavet 
SA_MBK_ulasaaraHK-153	sarvadharma paribhraṣṭa kaulodharmasamācaret |	sarva dharma paribhraṣṭa 
SA_MBK_ulasaaraHK-154	kaulodharma paribhraṣṭa rauravaṃ narakaṃ vrajet ||	rauravam narakam vrajet 
SA_MBK_ulasaaraHK-155	dugdhadadhighṛtaṃ jautaṃ tailaṃ sauverasaṃbhavā |	dugdha dadhi ghṛtam jautam tailam sauverasaṃbhavā 
SA_MBK_ulasaaraHK-156	ādrayuktaṃ pravānambā nārikerajalaṃ tathā ||	           
SA_MBK_ulasaaraHK-157	abhāvādaṣṭamidaṃ proktaṃ dravyā bhāve tu sundari |	abhāvāt aṣṭam idam proktam dravyāḥ bhāve tu sundari 
SA_MBK_ulasaaraHK-158	matsyavālāvataṃ caiva kukkuṭaṃ vākapiṃjalaṃ ||	matsya vālāvatam ca eva kukkuṭam vākapiṃjalam 
SA_MBK_ulasaaraHK-159	piṃnyākaṃsvinamāṃsaṃ ca lavanaṃ cādrakaṃ priye |	piṃnyākam svina māṃsam ca lavanam priye 
SA_MBK_ulasaaraHK-160	abhāve cāṣṭamāṃsāni gṛṣṭini sarvadārcanaṃ ||	abhāve ca aṣṭa māṃsāni gṛṣṭini sarvadā arcanam 
SA_MBK_ulasaaraHK-161	śaktyābhāve sureśāni svātmaśakti prapūjayet |	śaktyā abhāve sureśāni sva ātma śakti prapūjayet 
SA_MBK_ulasaaraHK-162	pānaṃ ca trividhaṃ proktaṃ daivavīrapaśu kramāt ||	pānam ca trividham proktam daiva vīra paśu kramāt 
SA_MBK_ulasaaraHK-163	5a)	a 
SA_MBK_ulasaaraHK-164	devadevyā gatapānaṃ śaktimāṃsāsake tribhiḥ |	devadevyāḥ gata pānam śakti māṃsa āsake tribhiḥ 
SA_MBK_ulasaaraHK-165	ekānte tatra kartavyaṃ makāraṃ paṃcakai budhiḥ ||	ekānte tatra kartavyam makāram budhiḥ 
SA_MBK_ulasaaraHK-166	mahāmāṃnsaṃ ca matsyaṃ ca mudrāmaithunameva ca |	mahāmāṃnsam ca matsyam ca mudrā maithunam eva ca 
SA_MBK_ulasaaraHK-167	makārapaṃcakaṃ kṛtvā punarjanma na vidyate ||	makārapaṃcakam kṛtvā punarjanma na vidyate 
SA_MBK_ulasaaraHK-168	udyān bhūmau maunyāsādin kṛtvā murddhi trikoṇakai |	bhūmau maunī āsādin kṛtvā 
SA_MBK_ulasaaraHK-169	tatpītvā vivedyetastu vīrapāṇau mṛtāhṛtaṃ ||	tat pītvā vivedya itas tu vīrapāṇau mṛtāhṛtam 
SA_MBK_ulasaaraHK-170	maṃtrayantra vihīna ca paśupānamataparaṃ |	ca 
SA_MBK_ulasaaraHK-171	kāṃcajaṃ rajataṃ muktā pravālothya ca kāṃcanaṃ ||	kāṃca jam rajatam muktā ca kāṃcanam 
SA_MBK_ulasaaraHK-172	sphāṭikā nārikelākṣaṃ narakā vālamuttamaṃ |	sphāṭikā nārikela akṣam narakāḥ vālam uttamam 
SA_MBK_ulasaaraHK-173	sarvakāmapradaṃ hemaṃtrātālaṃ sarvasamṛddhidaṃ ||	             
SA_MBK_ulasaaraHK-174	sphāṭikaṃ vaśyadaṃ nṝṇāṃ nārikelāṣṭasiddhidā |	sphāṭikam vaśya dam nṝṇām nārikela aṣṭa siddhi dā 
SA_MBK_ulasaaraHK-175	abhicāra padaṃ kāca ākarṣeṣu pravālakaṃ ||	abhicāra padam kāca ākarṣeṣu pravālakam 
SA_MBK_ulasaaraHK-176	mauktikaṃ muktidaṃ nṛṇākāpālaṃ mantrasiddhidaṃ |	           
SA_MBK_ulasaaraHK-177	tāmrakāṃśastathā lohaṃ mṛnmayaṃ kāṣṭajaṃ tathā ||	tāmraka aṃśaḥ tathā loham mṛd mayam kāṣṭa jam tathā 
SA_MBK_ulasaaraHK-178	trilohisthiṃvisosthi varjayet pātramidrisaṃ |	varjayet 
SA_MBK_ulasaaraHK-179	ādhārasyā trilohiyā pātroktā vastubhistathā ||	pātra uktāḥ vastubhiḥ tathā 
SA_MBK_ulasaaraHK-180	tāmrakāṃśaṃ varjayitvā sarvamādhārajojñatāṃ |	tāmraka aṃśam varjayitvā sarvam ādhāra jaḥ jña tām 
SA_MBK_ulasaaraHK-181	5b)	b 
SA_MBK_ulasaaraHK-182	iti śrīsāmabhujavalyāṃ kaurasārasaṃgrahe devadevīsaṃvāde paṃcaviṃśati	iti śrī sāmabhujavalyām kaura sāra saṃgrahe devadevī saṃvāde paṃcaviṃśati 
SA_MBK_ulasaaraHK-183	paṭala ||	paṭala 
SA_MBK_ulasaaraHK-184	śrīdevyuvāca ||	śrī devī uvāca 
SA_MBK_ulasaaraHK-185	ahiṃsā paramodharmaṃ kaṭivedavidopurā |	ahiṃsā paramaḥ dharmam 
SA_MBK_ulasaaraHK-186	kathitaṃ yattvayā deva viruddhaṃ tvadidaṃ dhruvaṃ ||	kathitam yat tvayā deva viruddham tvat idam dhruvam 
SA_MBK_ulasaaraHK-187	prāṇahiṃsā mahāghorā kathaṃ kuryānmahāsayān |	prāṇa hiṃsā mahā ghorā katham kuryāt mahā āsayān 
SA_MBK_ulasaaraHK-188	saṃsayaṃ śāṃbhavaṃ deva kathaṃ pūjā samācaret ||	saṃsayam śāṃbhavam deva katham pūjā samācaret 
SA_MBK_ulasaaraHK-189	śrī īśvara uvāca ||	śrī īśvaraḥ uvāca 
SA_MBK_ulasaaraHK-190	śivaśaktisamāropyaṃ bhedābheda na saṃśayaḥ |	śiva śakti samāropyam bheda abheda na saṃśayaḥ 
SA_MBK_ulasaaraHK-191	īśvarī vandite pūjā niṣkāmaṃ karmasaṃgrahe ||	īśvarī vandite pūjā niṣkāmam karma saṃgrahe 
SA_MBK_ulasaaraHK-192	naraprāṇi vadhe pāpaṃ na surāsvādṛte tathā |	nara prāṇi vadhe pāpam na surāsu ādṛte tathā 
SA_MBK_ulasaaraHK-193	parastrī gamanaṃ tadvadyanyaṃ dṛśye kṛte kṛte ||	para strī gamanam tadvat yanyam dṛśye kṛte kṛte 
SA_MBK_ulasaaraHK-194	kaulikā naiva vādhyante pātakā brahmahādaye |	kaulikāḥ nā eva vādhyante pātakāḥ brahma ha ādaye 
SA_MBK_ulasaaraHK-195	yathāpadmapalāseṣu nasyanti jalavindavaḥ ||	yathā padma palāseṣu nasyanti jala vindavaḥ 
SA_MBK_ulasaaraHK-196	api brahmāvadhaṃtvā ca smitasaṃ kuruto yadi |	api ca smitasam kurutaḥ yadi 
SA_MBK_ulasaaraHK-197	pātramantaṃ yutalabdhaṃ tatpānaṃ casyati dhruvaṃ ||	pātram antam yuta labdham tat pānam casyati dhruvam 
SA_MBK_ulasaaraHK-198	bhairavī cakramadhyasthaṃ nalabddha pisitaṃ yadi |	bhairavī cakra madhya stham pisitam yadi 
SA_MBK_ulasaaraHK-199	tadarthaṃ gāṃca vipraṃ ca hanyā doṣo na vidyate ||	tad artham gām ca vipram ca hanyāḥ doṣaḥ na vidyate 
SA_MBK_ulasaaraHK-200	ācāra labhate hyāpurācārādi smitā prajā |	ācāra smitā prajā 
SA_MBK_ulasaaraHK-201	6a)	a 
SA_MBK_ulasaaraHK-202	ācārabandhanamapi devatā ca prasiddhati |	ācāra bandhanam api devatā ca 
SA_MBK_ulasaaraHK-203	ācārasarvadā tyājyo munibhirjadudā hṛtaṃ ||	ācāra sarva dā tyājyaḥ hṛtam 
SA_MBK_ulasaaraHK-204	ācārahīna puruṣaṃ kaulikaṃ paśumeva vā |	ācāra hīna puruṣam kaulikam paśum eva vā 
SA_MBK_ulasaaraHK-205	tridhā devī ca sevante tasya mantreṇa kiṃ phalaṃ ||	tridhā devī ca sevante tasya mantreṇa kim phalam 
SA_MBK_ulasaaraHK-206	prāyaścittaṃ bhṛgupātaṃ saṃnyāsaṃ vratadhāriṇaṃ |	prāyaścittam bhṛgupātam saṃnyāsam vrata dhāriṇam 
SA_MBK_ulasaaraHK-207	tīrthajātrādi gamanaṃ kaulāḥ paṃcavivarjayet ||	tīrtha jātra ādi gamanam kaulāḥ paṃca vivarjayet 
SA_MBK_ulasaaraHK-208	yaṃ naraṃ vādhyate pāpaṃ prāyaścitte na tatkṛte |	yam naram vādhyate pāpam prāyaścitte na tad kṛte 
SA_MBK_ulasaaraHK-209	bhṛgupāta mayānāṃ ca mahāpātakanāsanaṃ ||	bhṛgupāta mayānām ca 
SA_MBK_ulasaaraHK-210	sarvakāmaphalaṃ nyāsaṃ paramāheśvarī jale |	sarva kāma phalam nyāsam para māheśvarī jale 
SA_MBK_ulasaaraHK-211	sarvavrataphalaṃ prapto kulaputrasya vartate ||	sarva vrata phalam kula putrasya vartate 
SA_MBK_ulasaaraHK-212	vāruṇī bindumātreṇa tīrthakoṭi phalaṃ labhet |	       labhet 
SA_MBK_ulasaaraHK-213	api sarveṣu pāpeṣu prāyaścitta mudāhṛtaṃ ||	api sarveṣu pāpeṣu prāyaścitta mudāhṛtam 
SA_MBK_ulasaaraHK-214	kuladharmaviraktānāṃ na dṛśyaṃ na śruti kvacit |	kula dharma viraktānām na dṛśyam na śruti kvacid 
SA_MBK_ulasaaraHK-215	yā nityaṃ pūjayen mantrī tāṃ māteva putravat ||	yāḥ nityam pūjayet mantrī tām mātā iva putra vat 
SA_MBK_ulasaaraHK-216	śrīcakra madhyaga kaścidbhairavaṃ kurute yadi |	śrī cakra madhya ga kaścid bhairavam kurute yadi 
SA_MBK_ulasaaraHK-217	tataḥ sarve taduchiṣṭaṃ bhoktavyaṃ na śrutena tu ||	tatas sarve tat uchiṣṭam bhoktavyam na śrutena tu 
SA_MBK_ulasaaraHK-218	yatsūtraṃ vikriyāṃ kuryān mānavaṃ saiva sudhyati |	yat sūtram vikriyām kuryāt mānavam sā eva sudhyati 
SA_MBK_ulasaaraHK-219	api kuṣṭena sarvāgaṃ vyāpani mānava kvacit ||	api kuṣṭena kvacid 
SA_MBK_ulasaaraHK-220	śrīcakraseṣa uchiṣṭaṃ bhojayet saśuṣi bhavet |	uchiṣṭam bhojayet sa śuṣi bhavet 
SA_MBK_ulasaaraHK-221	6b)	b 
SA_MBK_ulasaaraHK-222	brahmāviṣṇu kuverendrāḥ sarve śrīcakravartanaṃ |	brahma aviṣṇu kuvera indrāḥ sarve śrī cakravartanam 
SA_MBK_ulasaaraHK-223	mānavaṃ pūjayettevaṃ sāpatatu na saṃśata ||	mānavam pūjayet tevam sā āpatatu na 
SA_MBK_ulasaaraHK-224	api kiṃ bahunoktena brahmabhūtodi sā naraḥ |	api kim bahunā uktena brahma bhūta udi sā naraḥ 
SA_MBK_ulasaaraHK-225	ya kaulikaṃ pathaprāptā brāhmadvārasya kiṃ naraḥ ||	ya kaulikam patha prāptāḥ brāhma dvārasya kim naraḥ 
SA_MBK_ulasaaraHK-226	vaiśyasyaṃ bhānukarṣeṇa videśoścāṭanāraṇaṃ |	vaiśyasyam bhānu karṣeṇa 
SA_MBK_ulasaaraHK-227	japasmi vibhavo nūnaṃ tasya tulya kathaṃ surā ||	japasmi vibhavaḥ nūnam tasya tulya katham surā 
SA_MBK_ulasaaraHK-228	iti śrīsomabhujagalyāṃ kulasārasaṃgrahe ṣaṭviṃśatipaṭala ||	iti śrī somabhujagalyām kula sāra saṃgrahe ṣaṭviṃśati paṭala 
SA_MBK_ulasaaraHK-229	oṃ namaḥ śrītripurāyai ||	om namaḥ śrī tripurāyai 
SA_MBK_ulasaaraHK-230	athātasaṃpravakṣyāmi samayācārapaddhatiṃ |	atha atasam pravakṣyāmi samayācāra paddhatim 
SA_MBK_ulasaaraHK-231	yo jñātvā ca mahādevi sādhakā siddhimāpnuyāt ||	yaḥ jñātvā ca mahādevi sādhakā siddhim āpnuyāt 
SA_MBK_ulasaaraHK-232	īśvara uvāca ||	īśvaraḥ uvāca 
SA_MBK_ulasaaraHK-233	na laṃghayed gurorājñāmuttaraṃ na vadet tathā |	na laṃghayet guroḥ ājñām uttaram na vadet tathā 
SA_MBK_ulasaaraHK-234	rātrau divā tathājñā ca dāsavat paripālayet ||	rātrau divā tathā ājñā ca dāsa vat paripālayet 
SA_MBK_ulasaaraHK-235	sthānāntara gaterānta veśanāmukti cetana |	sthāna antara veśanā mukti cetana 
SA_MBK_ulasaaraHK-236	śrīguruvyāpitaṃ nityaṃ dādiṣṭaṃ ca tato vrajet ||	śrī guru vyāpitam nityam da ādiṣṭam ca tatas vrajet 
SA_MBK_ulasaaraHK-237	uktārukteṣu kārjeṣu nopekṣākārayet kvacit |	ukta arukteṣu na upekṣā kārayet kvacid 
SA_MBK_ulasaaraHK-238	gachataḥ pṛṣṭhato gachedgurośchāyā na laṃghayet ||	gacchataḥ pṛṣṭhatas gacchet guroḥ chāyāḥ na laṃghayet 
SA_MBK_ulasaaraHK-239	anādṛtya gurorvākyaṃ śṛṇupādaparāṅmukhaṃ |	an ādṛtya guroḥ vākyam śṛṇu pāda parāṅmukham 
SA_MBK_ulasaaraHK-240	7a)	a 
SA_MBK_ulasaaraHK-241	ahītamvāhitaṃ vāpi rauravaṃ narakaṃ vrajet |	ahīta mu āhitam vā api rauravam narakam vrajet 
SA_MBK_ulasaaraHK-242	evaṃ bhūta guruṃ caiva nāvamanyavicakṣaṇaḥ ||	evam bhūta gurum ca eva na avamanya vicakṣaṇaḥ 
SA_MBK_ulasaaraHK-243	ājñābhaṃgo guroddevi pakkaroti vimūḍhadhīḥ |	ājñā bhaṃgaḥ guroḥ devi vimūḍha dhīḥ 
SA_MBK_ulasaaraHK-244	sayāti narake ghore piśācatva mavāpnuyāt ||	sa yāti narake ghore piśāca tva mavāpnuyāt 
SA_MBK_ulasaaraHK-245	ājñābhaṃgaṃ tathā nindā guroścaiva pravartanaṃ |	ājñā bhaṃgam tathā nindā guroḥ ca eva pravartanam 
SA_MBK_ulasaaraHK-246	gurudrohaṃ ca yatkuryāt tachaṃgannaiva kārayet ||	guru droham ca yat kuryāt tat śaṃgat na eva kārayet 
SA_MBK_ulasaaraHK-247	gurudravyābhilākhaṃ ca gurustrī gamane tathā |	guru dravya abhilākham ca guru strī gamane tathā 
SA_MBK_ulasaaraHK-248	pātakatva sthirastasya prāyaścittena notyajet ||	pātaka tva sthiraḥ tasya prāyaścittena na utyajet 
SA_MBK_ulasaaraHK-249	guruhuṃkatyahuṃkṛtya ciprānirjitya vādata |	guru huṃkati a huṃkṛtya ciprā nirjitya vādata 
SA_MBK_ulasaaraHK-250	araṇyanirjane deśe sa bhavedbrahmarākṣasaḥ ||	araṇya nirjane deśe sa bhavet brahmarākṣasaḥ 
SA_MBK_ulasaaraHK-251	pādukāmāsanaṃ vastraṃ śayanaṃ bhūṣaṇāni ca |	pādukām āsanam vastram śayanam bhūṣaṇāni ca 
SA_MBK_ulasaaraHK-252	dṛṣṭvā gurornamaskṛtvādātmabhogaṃ na kārayet ||	dṛṣṭvā guroḥ namaskṛtvāt ātma bhogam na kārayet 
SA_MBK_ulasaaraHK-253	sadā śrīpādukāmantraṃ jihvāgre yasya vartate |	sadā śrī pādukā mantram jihvā agre yasya vartate 
SA_MBK_ulasaaraHK-254	anāyāsena dharmārthaṃ kāmamokṣaṃ labhet tasaṃ ||	anāyāsena dharma artham kāma mokṣam labhet tasam 
SA_MBK_ulasaaraHK-255	mahāroge mahotpāte mahādurge mahābhaye |	mahā roge mahā utpāte mahā durge mahā bhaye 
SA_MBK_ulasaaraHK-256	mahāpade mahāpāpe trāyata gurupādukāṃ ||	mahāpade mahā pāpe trāyata guru pādukām 
SA_MBK_ulasaaraHK-257	vande gurupade dvandve saccidānaṃdavigrahaṃ |	vande guru pade dvandve saccidānaṃda vigraham 
SA_MBK_ulasaaraHK-258	śvetaraktavibhāgoyaṃ śivaśaktyātmakaṃ paraṃ ||	śveta rakta vibhāgaḥ ūyam śiva śakti ātmakam param 
SA_MBK_ulasaaraHK-259	7b)	b 
SA_MBK_ulasaaraHK-260	śrīnātha padāmbhojaṃ yasya diśi virājate |	śrī nātha pada ambhojam yasya diśi virājate 
SA_MBK_ulasaaraHK-261	tasya diśi namaḥ kuryāt kāyena manasāgirā ||	tasya diśi namaḥ kuryāt kāyena manasā a girā 
SA_MBK_ulasaaraHK-262	ekagrāmasthitaḥ śiṣyastrisaṃdhyaṃ praṇamedguruṃ |	eka grāma sthitaḥ śiṣyaḥ trisaṃdhyam praṇamet gurum 
SA_MBK_ulasaaraHK-263	dūradeśe sthitaḥ śiṣyo māsaika praṇamedguruṃ ||	dūra deśe sthitaḥ śiṣyaḥ praṇamet gurum 
SA_MBK_ulasaaraHK-264	vidyāgamānasaṃ mantraṃ mantratantrādhikaṃ priye |	vidyā āga mānasam mantram mantra tantra adhikam priye 
SA_MBK_ulasaaraHK-265	sarvagurumukhāllabdhā sakalaṃ nānyathā dhruvaṃ ||	sarva guru mukhāt labdhā sakalam nā anyathā dhruvam 
SA_MBK_ulasaaraHK-266	kapaṭe valake caiva praśāde saṃkate tathā |	kapaṭe valake ca eva praśāde saṃkate tathā 
SA_MBK_ulasaaraHK-267	dīrghakāṣṭe śilāpṛṣṭe gurorekāsanaṃ priye ||	dīrgha kāṣṭe śilā pṛṣṭe guroḥ eka āsanam priye 
SA_MBK_ulasaaraHK-268	yadyadātmahitaṃ vastu taddravyaṃ naiva vaṃcayet |	yat yat ātma hitam vastu tat dravyam na eva vaṃcayet 
SA_MBK_ulasaaraHK-269	śrī guroḥ pādukāmantre mūlamantrasya pādukāṃ ||	śrī guroḥ pādukā mantre mūlamantrasya pādukām 
SA_MBK_ulasaaraHK-270	śuśiṣyebhyo vade devi na navadedyasya kasyacit |	vade devi na na vadet yasya kasyacid 
SA_MBK_ulasaaraHK-271	gurostarpaṇamarpyaṃ ca tena tuṣyāmi suvrate ||	guroḥ tarpaṇam arpyam ca tena tuṣyāmi suvrate 
SA_MBK_ulasaaraHK-272	guroḥ sevā paro yastu tasya tuṣyāmi suvrate |	guroḥ sevā paraḥ yaḥ tu tasya tuṣyāmi suvrate 
SA_MBK_ulasaaraHK-273	bhaktyācintānusāreṇa gurumuddeśya yatkathaṃ ||	bhaktyā a cintā anusāreṇa gurum uddeśya yat katham 
SA_MBK_ulasaaraHK-274	svalpena mahaditapuṃ tulyamanyaṃ daridrayā |	su alpena tulyam anyam daridrayā 
SA_MBK_ulasaaraHK-275	sarvasvamapi yo dadyādgurubhakti vivarjitaḥ ||	sarva svam api yaḥ dadyāt guru bhakti vivarjitaḥ 
SA_MBK_ulasaaraHK-276	sanadaḥ kleśasamāpnoti bhaktireva hi kāraṇaṃ |	bhaktiḥ eva hi kāraṇam 
SA_MBK_ulasaaraHK-277	gurustrī putravandhūnāṃ doṣaṃ naiva prakāsayet ||	guru strī putra vandhūnām doṣam nā eva prakāsayet 
SA_MBK_ulasaaraHK-278	bhakṣaye secataṃ dravyaṃ na dadyānnopasakṣaye |	bhakṣaye dravyam na dadyāt na upasakṣaye 
SA_MBK_ulasaaraHK-279	kumārī kanyakā vīrā yoginī kaulikā api ||	kumārī kanyakā vīrā yoginī kaulikā api 
SA_MBK_ulasaaraHK-280	8a)	a 
SA_MBK_ulasaaraHK-281	anyajātyādi vanitā nāpamānyāṃ kadācana |	anya jāti ādi vanitā na apamānyām kadācana 
SA_MBK_ulasaaraHK-282	satāparādhāmapitaṃ puṣpaṃ nāpi na tāḍayet ||	puṣpam na api na tāḍayet 
SA_MBK_ulasaaraHK-283	doṣaṃ nagaraṇa ye divyā gunānaiva prakāśayet |	ye divyāḥ prakāśayet 
SA_MBK_ulasaaraHK-284	iti śrīkulāścaranirṇaye gurubhaktiparichamo nāma prathama paṭala ||	iti śrī kulāścaranirṇaye gurubhaktiparichamaḥ nāma prathama paṭala 
SA_MBK_ulasaaraHK-285	vinā dravyādhi vāsena na japenna smaret priye |	vinā vāsena na japet na smaret priye 
SA_MBK_ulasaaraHK-286	ye yajanti mahāmūḍhāsteṣāṃ duḥkhaṃ pade pade ||	ye yajanti mahā mūḍhāḥ teṣām duḥkham pade pade 
SA_MBK_ulasaaraHK-287	devyuvāca ||	devī uvāca 
SA_MBK_ulasaaraHK-288	na dravyena vinā mantra na mantreṇa vināṃguliḥ |	na dravyena vinā na mantreṇa vinā aṃguliḥ 
SA_MBK_ulasaaraHK-289	parasparavirodhitvā kathaṃ pūjā vidhīyate ||	paraspara virodhi tvā katham pūjā vidhīyate 
SA_MBK_ulasaaraHK-290	ālokyājjighraṇāddhyānānnānā dravya viśuddhyati |	ālokyāt jighraṇāt dhyānāt nānā dravya viśuddhi ati 
SA_MBK_ulasaaraHK-291	tatpītvā sarvamantrāṇāṃ smaraṇaṃ yajanaṃ hitaṃ ||	tat pītvā sarva mantrāṇām smaraṇam yajanam hitam 
SA_MBK_ulasaaraHK-292	pañcaddravyasya mantreṇa kuryāt saṃskāramuttamaṃ |	pañcat dravyasya mantreṇa kuryāt saṃskāram uttamam 
SA_MBK_ulasaaraHK-293	śuddhena tena deveśi tarpayet kuladevatāṃ ||	śuddhena tena deveśi tarpayet kuladevatām 
SA_MBK_ulasaaraHK-294	vīkṣaṇaṃ prokṣaṇaṃ dhyānaṃ mantramudrādi sodhitaṃ |	vīkṣaṇam prokṣaṇam dhyānam mantra mudrā ādi sodhitam 
SA_MBK_ulasaaraHK-295	taddravyaṃ sparśayogyaṃ syādanyathā niṣphalaṃ bhavet ||	tat dravyam sparśa yogyam syāt anyathā niṣphalam bhavet 
SA_MBK_ulasaaraHK-296	sadā bhaktiśu saṃpanyo mantrarādhana tatparaṃ |	sadā 
SA_MBK_ulasaaraHK-297	mantropadeśa sahitaṃ kuladravyaṃ samarpayet ||	mantra upadeśa sahitam kula dravyam samarpayet 
SA_MBK_ulasaaraHK-298	sa savyaṃ yonakhaiḥ kuryāt kuladravyasya tarpaṇaṃ |	sa savyam yonakhaiḥ kuryāt kula dravyasya tarpaṇam 
SA_MBK_ulasaaraHK-299	8b)	b 
SA_MBK_ulasaaraHK-300	devatāsāpamāpnoti satyametan maheśvari |	devatā sāpam āpnoti satyam etat maheśvari 
SA_MBK_ulasaaraHK-301	aṃguṣṭhā bhairavo devī madhyamā caṇḍikā matā ||	aṃguṣṭhāḥ bhairavaḥ devī madhyamā caṇḍikā matā 
SA_MBK_ulasaaraHK-302	madhyamāṃguṣṭayogena tarpayet kuladevatāṃ |	           
SA_MBK_ulasaaraHK-303	aṃguṣṭānāmikābhyāṃ ca tarpayeddharmakarmaṇi ||	aṃguṣṭa anāmikābhyām ca tarpayet dharma karmaṇi 
SA_MBK_ulasaaraHK-304	tarjanyaṃguṣṭayogena tarpayedabhicārake |	tarjanī aṃguṣṭa yogena tarpayet abhicārake 
SA_MBK_ulasaaraHK-305	kaniṣṭāṃguṣṭayogena stambhane bhūtakarmaṇi ||	kaniṣṭhā aṃguṣṭa yogena stambhane bhūtakarmaṇi 
SA_MBK_ulasaaraHK-306	anyathā kurute yastu tarpaṇaṃ niṣphalaṃ bhavet |	anyathā kurute yaḥ tu tarpaṇam niṣphalam bhavet 
SA_MBK_ulasaaraHK-307	yāvanna vaṭukaṃ dadyāttāvannaiva kuleśvari ||	yāvat na vaṭukam dadyāt tāvat nā eva kuleśvari 
SA_MBK_ulasaaraHK-308	sundarye prathamaṃ datte pūjā ca? tri?sphalā |	sundarye prathamam datte pūjā ca trisphalā 
SA_MBK_ulasaaraHK-309	tṛpyantu mātaraḥ sarvāḥ sa rudrāgaṇadevatāḥ ||	tṛpyantu mātaraḥ sarvāḥ sa rudrā gaṇa devatāḥ 
SA_MBK_ulasaaraHK-310	dakṣiṇe vaṭukaṃ dadyāduttare yogiṇī valiṃ |	dakṣiṇe vaṭukam dadyāt uttare yogiṇī valim 
SA_MBK_ulasaaraHK-311	pūrve bhūtavaliṃ dadyāt sthānapālāśca paścime ||	pūrve bhūta valim dadyāt sthānapālāḥ ca paścime 
SA_MBK_ulasaaraHK-312	rājarājeśvarī madhya pūjayet parameśvarīṃ |	rājarāja īśvarā pūjayet parameśvarīm 
SA_MBK_ulasaaraHK-313	aṃguṣṭānāmikābhyāṃ tu vaṭukasya valiṃ haret ||	aṃguṣṭa anāmikābhyām tu vaṭukasya valim haret 
SA_MBK_ulasaaraHK-314	kaniṣṭāṃguṣṭayogena yoginīnāṃ baliṃ haret |	kaniṣṭhā aṃguṣṭa yogena yoginīnām balim haret 
SA_MBK_ulasaaraHK-315	aṃguṣṭatarjanībhyāñca kṣetrapāla baliṃrmataḥ ||	aṃguṣṭa tarjanībhyām ca kṣetrapāla baliṃḥ mataḥ 
SA_MBK_ulasaaraHK-316	aṅgulībhiśca sarvābhirukto bhūtavaliṃ priye |	aṅgulībhiḥ ca sarvābhiḥ uktaḥ bhūta valim priye 
SA_MBK_ulasaaraHK-317	aṅguṣṭamadhyamābhyāṃ ca rājarājeśvaraṃ tathā ||	aṅguṣṭa madhyamābhyām ca rājarāja īśvaram tathā 
SA_MBK_ulasaaraHK-318	devatārthaṃ yathāśāstraṃ kuladravyaṃ samarpayet |	devatā artham yathāśāstram kula dravyam samarpayet 
SA_MBK_ulasaaraHK-319	labhate vāṃchitaṃ sarvaṃ matprasādānnasaṃśayaḥ ||	labhate vāṃchitam sarvam mad prasādāt na saṃśayaḥ 
SA_MBK_ulasaaraHK-320	iti kulācāranirṇaye śivapraṇite dvitīyapaṭalaḥ ||	iti kula ācāra nirṇaye śiva praṇite dvitīya paṭalaḥ 
SA_MBK_ulasaaraHK-321	9a)	a 
SA_MBK_ulasaaraHK-322	matkarmakurvatāṃ puṃsāṃ karmalopo bhavedyati |	mad karma kurvatām puṃsām karma lopaḥ 
SA_MBK_ulasaaraHK-323	tatkurmate prakurvanti kulācāravidhānataḥ ||	tat kurmate prakurvanti kula ācāra vidhānataḥ 
SA_MBK_ulasaaraHK-324	tatkurmakurvatā śreṣṭā triṃśatkoṭyo marharṣayaḥ? |	śreṣṭā triṃśat koṭyaḥ marha ṛṣayaḥ 
SA_MBK_ulasaaraHK-325	maṇḍalena vinā pūjā nisphalā kathitā priye ||	maṇḍalena vinā pūjā nisphalā kathitā priye 
SA_MBK_ulasaaraHK-326	tanpūjayedvidhivattāmeva parameśvari |	tat pūjayet vidhivat tām eva parameśvari 
SA_MBK_ulasaaraHK-327	akhaṇḍamaṇḍalākāraṃ viśvaṃ vyāpya vyavasthitaṃ ||	akhaṇḍa maṇḍala ākāram viśvam vyāpya vyavasthitam 
SA_MBK_ulasaaraHK-328	trailokyaṃ maṇḍitaṃ yena maṇḍalastu sadāśivaḥ |	trailokyam maṇḍitam yena maṇḍalaḥ tu sadāśivaḥ 
SA_MBK_ulasaaraHK-329	oḍiyānaṃ caturasraṃ kāmarūpastu vartulaṃ ||	oḍiyānam catur asram kāmarūpaḥ tu vartulam 
SA_MBK_ulasaaraHK-330	jālandharamarddhacandraṃ tāmraṃ pūrṇagirirbhavet |	jālandharam arddhacandram tāmram pūrṇagiriḥ bhavet 
SA_MBK_ulasaaraHK-331	ādhāraṃ trividhaṃ proktaṃ ṣaṭpadaṃ vā catuṣpadaṃ ||	ādhāram trividham proktam ṣaṣ padam vā catuṣpadam 
SA_MBK_ulasaaraHK-332	athavā vartulaṃ kuryāt ramaṇīyaṃ manoharaṃ |	athavā vartulam kuryāt ramaṇīyam manoharam 
SA_MBK_ulasaaraHK-333	svarṇaraupya śilā kurmā kapālāsvāvumṛnmayaṃ ||	svarṇa raupya śilā 
SA_MBK_ulasaaraHK-334	nārikelañca śaṃkhañca muktāsuktisamudbhavaṃ |	nārikelam ca śaṃkham ca muktā sukti samudbhavam 
SA_MBK_ulasaaraHK-335	punyavṛkṣe samudbhūtaṃ pātraṃ kuryād vicakṣaṇaḥ ||	punya vṛkṣe samudbhūtam pātram kuryāt vicakṣaṇaḥ 
SA_MBK_ulasaaraHK-336	tāṃmrakāṃśyādi lohañca pātraṃ naiva tu kārayet |	tāṃmra kāṃśī ādi loham ca pātram na eva tu kārayet 
SA_MBK_ulasaaraHK-337	patraṃ puṣpāṃ kulaphalaṃ mūlavalkaladhānyajaṃ ||	patram puṣpām kula phalam mūla valkala dhānya jam 
SA_MBK_ulasaaraHK-338	rasavṛkṣaṃ latātālaṃ dravyaṃ daśavidhi smṛtaṃ |	rasavṛkṣam latā tālam dravyam daśavidhi smṛtam 
SA_MBK_ulasaaraHK-339	pāla*?drādhamādhūkaṃ khārjuraṃ tālamaikṣavaṃ ||	pāla drādha mādhūkam khārjuram tālam aikṣavam 
SA_MBK_ulasaaraHK-340	mādhūkamāsavaṃsidhūmaireyaṃ nārikelajaṃ |	            
SA_MBK_ulasaaraHK-341	9b)	b 
SA_MBK_ulasaaraHK-342	madyamekādaśetāni bhuktimukti pradāni ca |	madyam ekādaśa itāni bhukti mukti pradāni ca 
SA_MBK_ulasaaraHK-343	dvādaśaṃ ca surādravyaṃ sarvasmāduttamottamaṃ ||	dvādaśam ca surā dravyam sarvasmāt uttamottamam 
SA_MBK_ulasaaraHK-344	kṣīravṛkṣasamudbhūtaṃ māhyavalkalasaṃbhavaṃ |	kṣīravṛkṣa samudbhūtam māhya valkala saṃbhavam 
SA_MBK_ulasaaraHK-345	madhupuṣparasodbhūta māsavaṃ tandūlodbhavaṃ ||	madhu puṣpa rasa udbhūta māsavam tandūla udbhavam 
SA_MBK_ulasaaraHK-346	sarvasiddhikari yaiṣṭi gauḍibhoga pradāyini |	        
SA_MBK_ulasaaraHK-347	mādhvī muktikarī proktā drākṣīrājya pradāyinī ||	mādhvī mukti karī proktā drākṣī rājya pradāyinī 
SA_MBK_ulasaaraHK-348	tālajāstambhane prokta khārjurī ripu nāśinī |	tālajā stambhane prokta khārjurī ripu nāśinī 
SA_MBK_ulasaaraHK-349	nārikela bhavāśrīdāpānaṃ saukhya matā sadā ||	saukhya matā sadā 
SA_MBK_ulasaaraHK-350	mādhvī jñāna pradā proktā sāriṣṭāroga hāriṇī |	mādhvī jñāna pradā proktā sā ariṣṭāroga hāriṇī 
SA_MBK_ulasaaraHK-351	māṃsantu trividhaṃ proktaṃ jale khecarabhūcarāḥ ||	māṃsam tu trividham proktam jale khecara bhūcarāḥ 
SA_MBK_ulasaaraHK-352	gonarebhāsvamahikho varāhaṃ ca mṛgotavaṃ |	varāham ca mṛgotavam 
SA_MBK_ulasaaraHK-353	mahāmāṃsāṣṭakaṃ devi devatā prīti kārakaṃ ||	mahāmāṃsa aṣṭakam devi devatā prīti kārakam 
SA_MBK_ulasaaraHK-354	nakhaiḥ prajupitaiḥ ramlairdūrgandhairgandhavarjitaiḥ |	nakhaiḥ prajupitaiḥ ramlaiḥ dūrgandhaiḥ gandha varjitaiḥ 
SA_MBK_ulasaaraHK-355	hetubhiḥ parapātrachetarpitaṃ niṣphalaṃ bhavet ||	hetubhiḥ niṣphalam bhavet 
SA_MBK_ulasaaraHK-356	ariṣṭaiśca vasārīya dravyairamṛtasannibhai |	ariṣṭaiḥ ca dravyaiḥ amṛta sannibhaiḥ 
SA_MBK_ulasaaraHK-357	tarpaṇaṃ ca maheśāni sarvakāmaphalapradaṃ ||	tarpaṇam ca maheśāni sarva kāma phala pradam 
SA_MBK_ulasaaraHK-358	dravyamāṃsādyabhāvena nityaṃ karmaṃ ca lopayet |	dravya māṃsa ādi abhāvena nityam karmam ca lopayet 
SA_MBK_ulasaaraHK-359	pramādādyadi lopaścedrauravaṃ narakaṃ vrajet ||	pramādāt yadi lopaḥ ced rauravam narakam vrajet 
SA_MBK_ulasaaraHK-360	takraṃ kṣīraṃ guḍaṃ kṣaudraṃ dadhyājyatilaśarkarā |	takram kṣīram guḍam kṣaudram dadhi ājya tila śarkarā 
SA_MBK_ulasaaraHK-361	10a)	Ro
SA_MBK_ulasaaraHK-362	vailamayyāraṇālaṃ ca dravyaṃ daśavidha smṛtaṃ |	ca dravyam smṛtam 
SA_MBK_ulasaaraHK-363	lavanādrakapiṇyākaṃ godhūmaṃ māṃsapaṃcakaṃ ||	          
SA_MBK_ulasaaraHK-364	guṃjanaṃ ca maheśāni māṃsaṃ daśavidhaṃ smṛtaṃ |	guṃjanam ca maheśāni māṃsam daśavidham smṛtam 
SA_MBK_ulasaaraHK-365	ukteṣu teṣu caikeṣu yathāśaṃbhavavastunā ||	ukteṣu teṣu ca ekeṣu yathā śaṃbhava vastunā 
SA_MBK_ulasaaraHK-366	aṣṭagaṃdhācca jāyante rasairebhista tarpayet |	aṣṭa gaṃdhāt ca jāyante rasaiḥ ebhiḥ te tarpayet 
SA_MBK_ulasaaraHK-367	śaṃkhaṃ sarvodakṣaścaiva valipātrāṇi vai kramāt ||	śaṃkham vali pātrāṇi vai kramāt 
SA_MBK_ulasaaraHK-368	dakṣādi vāmācāryastu sthāpayitvā piṣṭajayet |	dakṣa ādi vāma ācāryaḥ tu sthāpayitvā piṣṭa jayet 
SA_MBK_ulasaaraHK-369	anivedyaṃ ca yaḥ śaktiḥ kuladravyaṃ niṣevate ||	anivedyam ca yaḥ śaktiḥ kula dravyam niṣevate 
SA_MBK_ulasaaraHK-370	devatā sāpamāpnoti pūjā ca nisphalā bhavet |	devatā sāpam āpnoti pūjā ca nisphalā bhavet 
SA_MBK_ulasaaraHK-371	svaśakti guruśaktiṃ vā dīkṣitāṃ guru vaktrataḥ ||	sva śakti guru śaktim vā dīkṣitām guru vaktrataḥ 
SA_MBK_ulasaaraHK-372	gāyayitvā pivedravye'ti śāstravidovidu |	gāyayitvā 
SA_MBK_ulasaaraHK-373	ganikā śauṇḍinī caiva kaivartīrajakī tathā ||	ganikā śauṇḍinī ca eva kaivartī rajakī tathā 
SA_MBK_ulasaaraHK-374	tantukārī ca kāmārī mātaṃgī undhasī tathā |	tantukārī ca kāmārī mātaṃgī undhasī tathā 
SA_MBK_ulasaaraHK-375	kulāṣṭakamidaṃ proktaṃ maṃgalāṣṭakamucyate ||	kula aṣṭakam idam proktam maṃgala aṣṭakam ucyate 
SA_MBK_ulasaaraHK-376	kumārī vā vratasthā vā yogamudrādharāpi vā |	kumārī vā vrata sthā vā yoga mudrā adharā api vā 
SA_MBK_ulasaaraHK-377	pūjākāle ca yā proktā tarpaṇaṃ sahajā budhaiḥ ||	pūjā kāle ca yā proktā tarpaṇam sahajā budhaiḥ 
SA_MBK_ulasaaraHK-378	pūjā sadyaṃganā bhāve cāturvarṇaṃ dināṃ vrajet |	pūjā sadī aṃganā bhāve cāturvarṇam vrajet 
SA_MBK_ulasaaraHK-379	surūpā taruṇī śāntā sukulāmuditā śuci ||	surūpā taruṇī śāntā su kulā a muditā śuci 
SA_MBK_ulasaaraHK-380	10b)	Ro
SA_MBK_ulasaaraHK-381	aṃgapūrṇā bhaktiyuktā kulaśāstreṇa dīkṣitā |	aṃga pūrṇā bhakti yuktā kula śāstreṇa dīkṣitā 
SA_MBK_ulasaaraHK-382	manoharā sadācārā śaktireṣā sulakṣaṇā ||	manoharā sat ācārā śaktiḥ eṣā su lakṣaṇā 
SA_MBK_ulasaaraHK-383	duṣṭogrā karkaśā krurā kukṣitā kuladūkṣitā |	          
SA_MBK_ulasaaraHK-384	dūrācārā parādhīnā satyahīnāntu lālasā ||	dūra ācārā para adhīnā satya hīnā antu lālasā 
SA_MBK_ulasaaraHK-385	nidrāti yuktādurmedhā hīnāṃgī vyādhi pīḍitā |	hīnāṃgī vyādhi pīḍitā 
SA_MBK_ulasaaraHK-386	kudṛśī śatruyuktāṣi dūtīyāge vivarjitā ||	kudṛśī dūtī yāge vivarjitā 
SA_MBK_ulasaaraHK-387	iti śrīkulācāre śivokte tṛtīyapaṭala ||	iti śrī kulācāre śiva ukte tṛtīya paṭala 
SA_MBK_ulasaaraHK-388	atha kaulikā na gataṃ tripurā devyā pārvaṇaṃ nidānaṃ likhyate |	atha kaulikāḥ na gatam tripurā devyā pārvaṇam nidānam likhyate 
SA_MBK_ulasaaraHK-389	vyatipāte ca śaṃkrāntau grahaṇacandrasūryayoḥ |	vyatipāte ca śaṃkrāntau grahaṇa candra sūryayoḥ 
SA_MBK_ulasaaraHK-390	deśikācārya yoginyordine yasmin samāgatāḥ ||	deśika ācārya yoginyoḥ dine yasmin samāgatāḥ 
SA_MBK_ulasaaraHK-391	sādhakānāṃ nikṣante palāli vali niṣṭaya |	sādhakānām 
SA_MBK_ulasaaraHK-392	anyathā vimukhāyānti gururindra marīcayaḥ ||	anyathā vimukha āyānti guruḥ indra marīcayaḥ 
SA_MBK_ulasaaraHK-393	phalguvali viraktaṃ ca yojayen paścimaṃ kramaṃ |	viraktam ca yojayet paścimam kramam 
SA_MBK_ulasaaraHK-394	yoginyastasya kupyanti śoṣayantī rasāmiṣaṃ ||	yoginyaḥ tasya kupyanti śoṣayantīḥ rasa āmiṣam 
SA_MBK_ulasaaraHK-395	iti kaulikāntarmataṃ tripurādevyā upacāravidhi ||	iti kaulika antar matam tripurā devyāḥ upacāra vidhi 
SA_MBK_ulasaaraHK-396	madyaṃ māṃsaṃ tathā matsyaṃ mudrāmaithunameva ca |	madyam māṃsam tathā matsyam mudrā maithunam eva ca 
SA_MBK_ulasaaraHK-397	makāraṃ pañcakaṃ kṛtvā punarjanma na vidyate ||	makāram pañcakam kṛtvā punarjanma na vidyate 
SA_MBK_ulasaaraHK-398	śrīdevyuvāca ||	śrī devī uvāca 
SA_MBK_ulasaaraHK-399	pravante gopanī cakre sarve varṇaṃ dvijātayaḥ |	pravante gopanī cakre sarve varṇam dvijātayaḥ 
SA_MBK_ulasaaraHK-400	11a)	Ro
SA_MBK_ulasaaraHK-401	nivṛrte yoginī cakre sarve varṇāḥ pṛthak pṛthak |	nivṛrte yoginī cakre sarve varṇāḥ pṛthak pṛthak 
SA_MBK_ulasaaraHK-402	ekacakraṃ pṛthak pātraṃ jyeṣṭānu kramataṃ kṛtaṃ ||	eka cakram pṛthak pātram kramatam kṛtam 
SA_MBK_ulasaaraHK-403	sāmayeḥ sādhakaḥ putra ācāryo yoginī tathā |	sāmayeḥ sādhakaḥ putraḥ ācāryaḥ yoginī tathā 
SA_MBK_ulasaaraHK-404	ekacakraṃ kulīnānāṃ ye kecilliyabhājanāḥ ||	eka cakram kulīnānām ye kecid liya bhājanāḥ 
SA_MBK_ulasaaraHK-405	etaiḥ sahaprakartavyamannai saha na saṃśayaḥ |	etaiḥ saha prakartavyam annaiḥ saha na saṃśayaḥ 
SA_MBK_ulasaaraHK-406	ekapātraṃ na kartavyaṃ na kartavyaṃ pṛthak pṛthak ||	eka pātram na kartavyam na kartavyam pṛthak pṛthak 
SA_MBK_ulasaaraHK-407	saṃprāpya dravya carikamekacintaḥ samāhitaḥ |	saṃprāpya dravya carikam eka cintaḥ samāhitaḥ 
SA_MBK_ulasaaraHK-408	vikalpo nātra kartavyaṃ kṛte ca maraṇaṃ bhavet ||	vikalpaḥ na atra kartavyam kṛte ca maraṇam bhavet 
SA_MBK_ulasaaraHK-409	nirveśaṃ kena cittena bhaktyāsaṃyamanaṃ kṛtaṃ |	nirveśam kena cittena bhaktyā asaṃyamanam kṛtam 
SA_MBK_ulasaaraHK-410	tenasyeti bhavenmuktirgurvendu sadṛso bhavet ||	tena asya iti bhavet muktiḥ guru endu sadṛsaḥ bhavet 
SA_MBK_ulasaaraHK-411	prāpnoti paramaṃ sthānaṃ yatsurairapi durlabhaṃ |	prāpnoti paramam sthānam yat suraiḥ api durlabham 
SA_MBK_ulasaaraHK-412	ete vai kaulikācāraṃ jñātvāsiddhimavāpnuyāt ||	ete vai kaulika ācāram jñātvā asiddhim avāpnuyāt 
SA_MBK_ulasaaraHK-413	āgate melake vāpi abhiṣekaṃ ca parvaṇi |	āgate melake vā api abhiṣekam ca parvaṇi 
SA_MBK_ulasaaraHK-414	pūjārthamāhare phalgunātmārthantu kadācana ||	pūjā artham āhare phalguna ātma artham tu kadācana 
SA_MBK_ulasaaraHK-415	vidhairyuktaṃ tu deveśi pārvanaṃ cācare śubhaṃ |	vidhaiḥ yuktam tu deveśi pārvanam ca ācare śubham 
SA_MBK_ulasaaraHK-416	yajña koṭi phalaṃ tasya hemabhāraśatāstathā ||	phalam tasya hema bhāra śatāḥ tathā 
SA_MBK_ulasaaraHK-417	datvā tu kaulikebhyaśca bindumātrālisaṃganāt |	da tvā tu kaulikebhyaḥ ca bindu mātra ali saṃganāt 
SA_MBK_ulasaaraHK-418	pṛthivī hema?pūrṇā ca kanyā koṭi pradānataḥ ||	pṛthivī hema pūrṇā ca kanyā koṭi pradānataḥ 
SA_MBK_ulasaaraHK-419	tatphalaṃ śaktidānañca kaulike yāgamandire |	tad phalam śakti dānam ca kaulike yāga mandire 
SA_MBK_ulasaaraHK-420	11b)	Ro
SA_MBK_ulasaaraHK-421	anekapuṣpasaṃbhāraiḥ koṭiliṃga pratiṣṭavān |	aneka puṣpa saṃbhāraiḥ koṭiliṃga pratiṣṭavān 
SA_MBK_ulasaaraHK-422	tatphalaṃ labhate devi yoginī varadā bhavet ||	tat phalam labhate devi yoginī vara dā bhavet 
SA_MBK_ulasaaraHK-423	vighnāni na bhavanteva nirvighnā siddhitāṃ bhavet |	vighnāni na bhavantā iva nirvighnā siddhi tām bhavet 
SA_MBK_ulasaaraHK-424	tṛpyanti mātaraḥ sarvāḥ sa gaṇāḥ sa vināyakāḥ ||	tṛpyanti mātaraḥ sarvāḥ sa gaṇāḥ sa vināyakāḥ 
SA_MBK_ulasaaraHK-425	tṛpyanti devanivaho brahmadvāmunayaḥ śivāḥ |	tṛpyanti deva nivahaḥ śivāḥ 
SA_MBK_ulasaaraHK-426	brahmākṣatra tathā vaiśyaṃ śūdraṃ cāparameva ca ||	tathā vaiśyam śūdram ca aparam eva ca 
SA_MBK_ulasaaraHK-427	kriyāhīnamavettāraṃ śaktijñānaṃ vivarjitaṃ |	kriyā hīnam avettāram śakti jñānam vivarjitam 
SA_MBK_ulasaaraHK-428	lobhārthibhiḥ pravṛttānāmayeyāṃ pivate surāṃ ||	lobha arthibhiḥ pravṛttā anāmayeyām pivate surām 
SA_MBK_ulasaaraHK-429	tapaścaścātra(?) kartavyaṃ patanaṃ ca punaḥ punaḥ |	tapaḥ ca atra kartavyam patanam ca punar punar 
SA_MBK_ulasaaraHK-430	guru daiva tathāśāstraṃ maṇḍalaṃ kramayoginī ||	maṇḍalam kramayoginī 
SA_MBK_ulasaaraHK-431	āvāhayet prayoge ca sparśanaṃ siddhivān bhavet |	āvāhayet prayoge ca sparśanam siddhivān bhavet 
SA_MBK_ulasaaraHK-432	saptajanmakṛtaṃ pāpaṃ rauravānikṛtāni ca ||	sapta janma kṛtam pāpam ca 
SA_MBK_ulasaaraHK-433	dravyadarśanamātreṇa niṣpāpo bhavati kṣaṇāt |	dravya darśana mātreṇa niṣpāpaḥ bhavati kṣaṇāt 
SA_MBK_ulasaaraHK-434	vaidyaśāstre tathā brahmo prabhakte ca viśeṣataḥ ||	vaidyaśāstre tathā brahmo prabhakte ca viśeṣataḥ 
SA_MBK_ulasaaraHK-435	dṛṣṭamātreṇa kartavyaṃ siddhihāniśca jāyate |	dṛṣṭa mātreṇa kartavyam siddhi hāniḥ ca jāyate 
SA_MBK_ulasaaraHK-436	ghṛṇā śaṃkā na kartavyā yadicheccirajīvitaṃ ||	ghṛṇā śaṃkā na kartavyā yat ichet cira jīvitam 
SA_MBK_ulasaaraHK-437	anāhusyo na yacheta āhuto yonino viśet |	an āhusyaḥ na yaccheta āhutaḥ yoninaḥ viśet 
SA_MBK_ulasaaraHK-438	tasya saṃgrahato devi śāpamāpnoti mūrddhani ||	tasya saṃgrahataḥ devi śāpam āpnoti mūrddhani 
SA_MBK_ulasaaraHK-439	cakramadhya tu yaṃ vṛttaṃ śubhasvāya divā śubhaṃ |	tu yam vṛttam śubha svāya divā śubham 
SA_MBK_ulasaaraHK-440	12a)	Ro
SA_MBK_ulasaaraHK-441	prabhāte tanuvaktavyaṃ mityājñā pārameśvarī |	prabhāte tanu vaktavyam miti ājñā pārameśvarī 
SA_MBK_ulasaaraHK-442	na bhakṣaḥ viyate kiṃcinnāyayamapi vidyate ||	na bhakṣaḥ viyate kiṃcid nāyayam api vidyate 
SA_MBK_ulasaaraHK-443	guruvīravadhūṃ tyaktā ramyāḥ sarvāśca yoṣitaḥ |	guru vīra vadhūm tyaktāḥ ramyāḥ sarvāḥ ca yoṣitaḥ 
SA_MBK_ulasaaraHK-444	ye viṣanti mahādevīṃ ye viṣanti ca yoginīṃ ||	ye viṣanti mahādevīm ye viṣanti ca yoginīm 
SA_MBK_ulasaaraHK-445	teṣāṃ ca nigraho devī ādyāpīṭha vicārataḥ |	teṣām ca nigrahaḥ devī vicārataḥ 
SA_MBK_ulasaaraHK-446	ye nindantu sādhakāḥ sarve vinaśyaṃ tu vidūṣakāḥ ||	ye nindantu sādhakāḥ sarve vinaśyam tu vidūṣakāḥ 
SA_MBK_ulasaaraHK-447	avasthā śāmbhavī mentu prasannostu guruḥ sadāḥ |	avasthā śāmbhavī mentu prasannā ustu guruḥ sadā 
SA_MBK_ulasaaraHK-448	divājñasamayākhyātaṃ rātravīdu divā smṛtāḥ ||	divā ajña samaya ākhyātam divā smṛtāḥ 
SA_MBK_ulasaaraHK-449	prakāśena vibhāgantu jñātvā rātrau prapūjayet |	prakāśena vibhāgan tu jñātvā rātrau prapūjayet 
SA_MBK_ulasaaraHK-450	ye vastuvanti nindanti varṇayenna ca kaulikā ||	ye vastuvanti nindanti varṇayet na ca kaulikā 
SA_MBK_ulasaaraHK-451	śrīmato jñānino vīsukhino yanmayanmani |	śrīmataḥ jñāninaḥ 
SA_MBK_ulasaaraHK-452	yadi nipidhatorthā sā kaulikāḥ paśumichati ||	yadi sā kaulikāḥ paśum ichati 
SA_MBK_ulasaaraHK-453	svādodharmaśca hāniśca yoginī sāpamāpnuyāt |	svādaḥ dharmaḥ ca hāniḥ ca yoginī sā apam āpnuyāt 
SA_MBK_ulasaaraHK-454	gurvarthatyajetpānaṃ devārthantu mathāpi vā ||	guru artha tyajet pānam deva artha tu vā 
SA_MBK_ulasaaraHK-455	devyāgrahastaṃto bhūtvā mātṛtaḥ pitṛbhiḥ saha |	bhūtvā mātṛtaḥ pitṛbhiḥ saha 
SA_MBK_ulasaaraHK-456	kulamārgaṃ samāsādyaṃ yo naraḥ pravalāyitaḥ ||	kula mārgam samāsādyam yaḥ naraḥ pravalāyitaḥ 
SA_MBK_ulasaaraHK-457	samahā pātakī devi prayāsantu na kārayet |	samahā pātakī devi na kārayet 
SA_MBK_ulasaaraHK-458	niyuktā parayogena dharmasyā vakṣaṇāya ca ||	niyuktā para yogena dharmasya vakṣaṇāya ca 
SA_MBK_ulasaaraHK-459	ityādipīṭhāvatāre kaulikavidāne kutrikātantre(?) kramaśūtraṃ	              
SA_MBK_ulasaaraHK-460	samayācāracaturthapaṭalasamāpta ||	          
SA_MBK_ulasaaraHK-461	12b)	Ro
SA_MBK_ulasaaraHK-462	pāṇabhedapramāṇaṃ ca galī lakṣaṇameva ca |	pāṇabheda pramāṇam ca galī lakṣaṇam eva ca 
SA_MBK_ulasaaraHK-463	avijñāyā cared yastu sa bhavedāpadāpadaṃ ||	a vijñāyā caret yaḥ tu sa bhavet āpad āpadam 
SA_MBK_ulasaaraHK-464	anumūlatrikoṇodya koṭisūryasamaprabha |	anu mūla trikoṇa udya koṭi sūrya sama prabha 
SA_MBK_ulasaaraHK-465	kuṇḍaliśaktividvahnau kuladravyaṃ samantṛkāṃ ||	kuṇḍali śakti vid vahnau kula dravyam sa mantṛkām 
SA_MBK_ulasaaraHK-466	carukaṃ siddhidaṃ proktaṃ dīpojñāna pradāyakaṃ |	carukam siddhi dam proktam dīpaḥ jñāna pradāyakam 
SA_MBK_ulasaaraHK-467	pānātparataraḥ prāptiḥ kaule tritayamuttamaṃ ||	pānāt parataraḥ prāptiḥ kaule tritayam uttamam 
SA_MBK_ulasaaraHK-468	gurudaivatamantrāṇāṃmaikyaṃ saṃcintayeddhiyāṃ |	guru daivata mantrāṇām mā aikyam saṃcintayet dhiyām 
SA_MBK_ulasaaraHK-469	yāvadūllāsaparyantaṃ upadeśaiḥ pibenmadhuṃ ||	yāvat ūllāsa paryantam upadeśaiḥ pibet madhum 
SA_MBK_ulasaaraHK-470	carvaṇena yutaṃ pānaṃ mamṛtaṃ parikīrtitaṃ |	carvaṇena yutam pānam mamṛtam parikīrtitam 
SA_MBK_ulasaaraHK-471	carvaṇena vināpānaṃ kevalaṃ viṣavarddhanaṃ ||	carvaṇena vinā apānam kevalam viṣa varddhanam 
SA_MBK_ulasaaraHK-472	pānaṃ ca trividhaṃ proktaṃ divyavīrapaśu kramāt |	pānam ca trividham proktam divya vīra paśu kramāt 
SA_MBK_ulasaaraHK-473	divyaṃ devyāgrataḥ pānaṃ vīramekāntavāsinaṃ ||	divyam devyā agratas pānam vīram ekānta vāsinam 
SA_MBK_ulasaaraHK-474	svechayā paśupānañca paśupānamiti smṛta |	sva ichayā paśu pānañca paśu pānam iti smṛta 
SA_MBK_ulasaaraHK-475	vidhimantravihīnaṃ ca paśupānamataḥ paraṃ ||	vidhi mantra vihīnam ca paśu pānam atas param 
SA_MBK_ulasaaraHK-476	bhuktimuktistathā bhukti narakaṃ tatphalaṃ priye |	bhukti muktiḥ tathā narakam tad phalam priye 
SA_MBK_ulasaaraHK-477	yāvanna carate dṛṣṭi yāvanna carate manaḥ ||	yāvat na carate dṛṣṭi yāvat na carate manaḥ 
SA_MBK_ulasaaraHK-478	tāvatpānaṃ prakartavyaṃ paśupānamataḥ paraṃ |	tāvat pānam prakartavyam paśu pānam atas param 
SA_MBK_ulasaaraHK-479	pūrṇābhiṣekahīnāṃga pānamatyanta durgati ||	pūrṇa abhiṣeka hīna aṅga pānam atyanta durgati 
SA_MBK_ulasaaraHK-480	pūrṇābhiṣeka yuktānāṃ pānamatyantu meṣyate |	pūrṇa abhiṣeka yuktānām pānam atyantu 
SA_MBK_ulasaaraHK-481	pītvā pītvā puna pītvā pītvā patati bhūtale ||	pītvā pītvā punar pītvā pītvā patati bhū tale 
SA_MBK_ulasaaraHK-482	13a)	Ro
SA_MBK_ulasaaraHK-483	uthāya ca punaḥ pītvā punarjanmo na vidyate |	uthāya ca punar pītvā punarjanmaḥ na vidyate 
SA_MBK_ulasaaraHK-484	pātraṃ brahmārasoviṣṇubbudbudorudradevatā ||	pātram 
SA_MBK_ulasaaraHK-485	āmodāśekharaṃḥ prokta ānandantu sadāśivaḥ |	āmodāśekharaḥ proktaḥ ānandan tu sadāśivaḥ 
SA_MBK_ulasaaraHK-486	ichāśaktiḥ surāmode jñānaśaktiśca tadrase ||	ichā śaktiḥ sura āmode jñāna śaktiḥ ca tad rase 
SA_MBK_ulasaaraHK-487	kriyānmā ca sadānande tasmāt syevyaṃ sadā priye |	ca sadānande tasmāt syevyam sadā priye 
SA_MBK_ulasaaraHK-488	dravyaṃ śaktiḥ śivo māṃsaṃ tadbhoktā bhairava svayaṃ ||	dravyam śaktiḥ śivaḥ māṃsam tad bhoktā bhairava svayam 
SA_MBK_ulasaaraHK-489	tattulyāsaḥ parāśakti ānando mokṣa ucyate |	             
SA_MBK_ulasaaraHK-490	ānando brahmaṇo rūpaṃ tacca dehe vyavasthitaṃ ||	ānandaḥ brahmaṇaḥ rūpam tat ca dehe vyavasthitam 
SA_MBK_ulasaaraHK-491	tasmācca vyaṃjakaṃ dravyaṃ yogibhistena pīyate |	tasmāt ca vyaṃjakam dravyam yogibhiḥ tena pīyate 
SA_MBK_ulasaaraHK-492	gāyanti gāyakāmantā mantādhyāyanti yoginaḥ ||	gāyanti gāyaka amantāḥ mantā adhyāyanti yoginaḥ 
SA_MBK_ulasaaraHK-493	ramanti kāmukāmattā mattāḥ kurpanti kopinaḥ |	ramanti kāmukā mattāḥ mattāḥ kurpanti kopinaḥ 
SA_MBK_ulasaaraHK-494	mantrāṇā smaraṇārthādi manasaṃsthīra hetave ||	mantrāṇā smaraṇa artha ādi hetave 
SA_MBK_ulasaaraHK-495	bhayakleśa nivṛtyarthamalimāṃsaṃ samācaret |	bhaya kleśa nivṛti artham ali māṃsam samācaret 
SA_MBK_ulasaaraHK-496	nantārthaṃ sarvadevānāṃ brahmajñāna sthirāya ca ||	nanta artham sarva devānām brahma jñāna sthirāya ca 
SA_MBK_ulasaaraHK-497	sevante madhumāṃsāni na laulyāñca kadācana |	sevante madhu māṃsāni na kadācana 
SA_MBK_ulasaaraHK-498	ghṛtakumbha sahasrāṇi kṣīrakumbhaśatāni ca ||	ghṛta kumbha sahasrāṇi kṣīra kumbha śatāni ca 
SA_MBK_ulasaaraHK-499	alinā bindumātreṇa kalānārhanti ṣoḍaśī |	alinā bindu mātreṇa kalān na arhanti ṣoḍaśī 
SA_MBK_ulasaaraHK-500	candrārkāgni saṃparkā galitat parāsṛtaṃ ||	candra arka agni saṃparkā 
SA_MBK_ulasaaraHK-501	tenāmṛteradivyena tarpayedyai guruṃ parāṃ |	tena amṛteḥ adivyena gurum parām 
SA_MBK_ulasaaraHK-502	13b)	Ro
SA_MBK_ulasaaraHK-503	śrīguroḥ kulaśāstrebhyaḥ samyak jñānakulena vā |	śrī guroḥ kula śāstrebhyaḥ samyak jñāna kulena vā 
SA_MBK_ulasaaraHK-504	kuladravyaṃ niṣedena yāyate nānyathā priye ||	kula dravyam niṣedena na anyathā priye 
SA_MBK_ulasaaraHK-505	gurayo paramākāśaṃ saccidānandalakṣaṇaṃ |	gurayaḥ paramākāśam saccidānanda lakṣaṇam 
SA_MBK_ulasaaraHK-506	kuladravyānubhāna * jāyate nānyathā priye ||	jāyate na anyathā priye 
SA_MBK_ulasaaraHK-507	antarānantarātmānaṃ manovācirageva ca |	antarā anantara ātmānam ca 
SA_MBK_ulasaaraHK-508	saṃrasāmṛtapāṇena jāyate nānyathā priye ||	saṃrasa amṛta pāṇena jāyate na anyathā priye 
SA_MBK_ulasaaraHK-509	siddhadravyai kaulikānāṃ kulīnāya prakāsayet ||	siddha dravyaiḥ kaulikānām kulīnāya prakāsayet 
SA_MBK_ulasaaraHK-510	mantrasaṃskārasaṃśuddhyamamṛtaṃ pānapārvati |	             
SA_MBK_ulasaaraHK-511	jāyate devatābhāva mahāpātakanāśanaṃ ||	jāyate devatā bhāva mahāpātaka nāśanam 
SA_MBK_ulasaaraHK-512	susaṃskṛtāsurārogyaduḥkhadāridrahāriṇī |	               
SA_MBK_ulasaaraHK-513	asaṃskṛtā bhavedoga kalahaṃ vyādhiḥ duḥkhahā ||	asaṃskṛtā vyādhiḥ duḥkha hā 
SA_MBK_ulasaaraHK-514	bhairavāṣṭamidaṃ dravyaṃ śuddhaṃ dravyaistu tarpayet |	bhairavāṣṭam idam dravyam śuddham dravyaiḥ tu tarpayet 
SA_MBK_ulasaaraHK-515	brahmahatyā bhruṇahatyā vinaśyati na saṃśayaḥ ||	brahmahatyā bhruṇahatyā vinaśyati na saṃśayaḥ 
SA_MBK_ulasaaraHK-516	saptajanmakṛtaṃ pāpamalibindurvināśayat |	sapta janma kṛtam pāpam alibinduḥ vināśayat 
SA_MBK_ulasaaraHK-517	paśupānavidhau pītvā vīropi narakaṃ vrajat ||	paśu pāna vidhau pītvā vīraḥ api narakam vrajat 
SA_MBK_ulasaaraHK-518	liṃgayoni vibhedena rauravai narakaṃ vrajet |	liṃga yoni vibhedena rauravaiḥ narakam vrajet 
SA_MBK_ulasaaraHK-519	asaṃskāraṃ pibed dravyaṃ balātkāreṇa maithunaṃ ||	a saṃskāram pibet dravyam balātkāreṇa maithunam 
SA_MBK_ulasaaraHK-520	svahastena paśuṃ hatvā rauravaṃ narakaṃ vrajet |	sva hastena paśum hatvā rauravam narakam vrajet 
SA_MBK_ulasaaraHK-521	tarpaṇo homahīnañca śaktihīnañca śaktīhīna ca yojayet ||	homa hīnam ca śakti hīnam ca ca yojayet 
SA_MBK_ulasaaraHK-522	14a)	Ro
SA_MBK_ulasaaraHK-523	dvitīyena vihīnañca tarpaṇaṃ nisphalaṃ bhavet |	dvitīyena vihīnam ca tarpaṇam nisphalam bhavet 
SA_MBK_ulasaaraHK-524	ajñātvā tu kulācāraṃ spṛṣṭvā tu gurupādukāṃ ||	a jñātvā tu kula ācāram spṛṣṭvā tu guru pādukām 
SA_MBK_ulasaaraHK-525	yasmin śastre pravarteta yoginināmaso paśuḥ |	yasmin śastre pravarteta paśuḥ 
SA_MBK_ulasaaraHK-526	yatpurandrī vinā dravyaṃ vinā dravya na yoṣitaṃ ||	vinā dravyam vinā na yoṣitam 
SA_MBK_ulasaaraHK-527	dvitīyena vinā tena rauravaṃ narakaṃ vrajet |	dvitīyena vinā tena rauravam narakam vrajet 
SA_MBK_ulasaaraHK-528	jājñakena vināmantraṃ vināmantreṇa yajñarāt ||	jājñakena vināmantram vināmantreṇa yajñarāt 
SA_MBK_ulasaaraHK-529	na kadācit phalādāpti yajñaṃ ca nisphalaṃ bhavet |	na kadācid yajñam ca nisphalam bhavet 
SA_MBK_ulasaaraHK-530	sadāparaśarīgena nātmānaṃ ca prakāśayet ||	sadā apara śarīgena na ātmānam ca prakāśayet 
SA_MBK_ulasaaraHK-531	acyutkāna pramānena deśakāla paśuṃ bhavet |	pramānena bhavet 
SA_MBK_ulasaaraHK-532	na tīrthayātrā kurutena vayajño nameva ca ||	na tīrtha yātrā ca 
SA_MBK_ulasaaraHK-533	na ta yonopavāseṣu sadā bhaktirato hi yaḥ |	sadā bhakti rataḥ hi yaḥ 
SA_MBK_ulasaaraHK-534	gurubudhyā nametsarvaṃ devatā praṇameva ca ||	guru budhyā namet sarvam devatā praṇama iva ca 
SA_MBK_ulasaaraHK-535	sa kule ca pra'sūtāvān viruddhocāra varjinaḥ |	sa kule ca viruddha ucāra varjinaḥ 
SA_MBK_ulasaaraHK-536	maṃtraśakti vihīnānāṃ praṇāmaṃ naiva kārayet ||	maṃtra śakti vihīnānām praṇāmam na eva kārayet 
SA_MBK_ulasaaraHK-537	padaṃ vākya pramāṇaṃ ca śrutimārgāti vedinaḥ |	padam vākya pramāṇam ca vedinaḥ 
SA_MBK_ulasaaraHK-538	kulopadeśa hīnānāṃ praṇāmaṃ naiva kārayet ||	kula upadeśa hīnānām praṇāmam na eva kārayet 
SA_MBK_ulasaaraHK-539	kulopadeśa yuktānāṃ viruddhānāṃ kuvartināṃ |	kula upadeśa yuktānām viruddhānām ku vartinām 
SA_MBK_ulasaaraHK-540	atyutthāna pramādāyāṃ praṇāmaṃ kārayet priye ||	atyutthāna pramādāyām praṇāmam kārayet priye 
SA_MBK_ulasaaraHK-541	14b)	Ro
SA_MBK_ulasaaraHK-542	matsyaṃ māṃsaṃ surākumbhaṃ mantrāṇāṃ siddhidaṃ bhavet |	matsyam māṃsam surā kumbham mantrāṇām siddhi dam bhavet 
SA_MBK_ulasaaraHK-543	sahakāramaśākañca krīḍālolakumārikā ||	krīḍā lola kumārikā 
SA_MBK_ulasaaraHK-544	ekavṛkṣaśmaśānañca pūjāsthānāni yāni ca |	eka vṛkṣa śmaśānam ca pūjā sthānāni yāni ca 
SA_MBK_ulasaaraHK-545	nārīśaraccandra vadanā dṛṣṭvā vande ca bhaktitaḥ ||	nārī śarad candra vadanā dṛṣṭvā vande ca bhaktitaḥ 
SA_MBK_ulasaaraHK-546	śrīpatreṇa vinādravyaṃ pūjā naiva tu kārayet |	śrī patreṇa vinā adravyam pūjāḥ nā eva tu kārayet 
SA_MBK_ulasaaraHK-547	anyathā carate yastu pūjā ca nisphalā bhavet ||	anyathā carate yaḥ tu pūjā ca nisphalā bhavet 
SA_MBK_ulasaaraHK-548	griṣyodīkṣita mantraśca yadi svarga gato puriḥ |	griṣya udīkṣita mantraḥ ca yadi svarga gataḥ puriḥ 
SA_MBK_ulasaaraHK-549	ekasantānake naiva prādiyogābhiṣecanaṃ ||	eka santānake na eva pra ādi yoga abhiṣecanam 
SA_MBK_ulasaaraHK-550	vālopi dīkṣitaḥ pūrva jyeṣṭasyā kulamāgataḥ |	dīkṣitaḥ kulam āgataḥ 
SA_MBK_ulasaaraHK-551	vṛddhopi dīkṣitaḥ paścāt kaniṣṭaḥ syānna saṃśayaḥ ||	vṛddhaḥ api dīkṣitaḥ paścāt kaniṣṭaḥ syāt na saṃśayaḥ 
SA_MBK_ulasaaraHK-552	dvijo vā dīkṣitaḥ paścādanyajaḥ pūrvadīkṣitaḥ |	dvijaḥ vā dīkṣitaḥ paścāt anya jaḥ pūrva dīkṣitaḥ 
SA_MBK_ulasaaraHK-553	dvijaḥ kaniṣṭaḥ sa jyeṣṭa iti śāstra viniścayaḥ ||	dvijaḥ kaniṣṭaḥ sa jyeṣṭa iti śāstra viniścayaḥ 
SA_MBK_ulasaaraHK-554	gurośca gurukanyānāṃ māṃsa śiṣyasya parasparaḥ |	guroḥ ca guru kanyānām māṃsa śiṣyasya parasparaḥ 
SA_MBK_ulasaaraHK-555	yathāloke puriścaiva sannidhau naiva pūjayet ||	yathā loke puriḥ ca eva sannidhau na eva pūjayet 
SA_MBK_ulasaaraHK-556	putraścāpi vannaṃ ca striyaḥ sarvāmaheśvari |	putraḥ ca api vannam ca striyaḥ sarvā maheśvari 
SA_MBK_ulasaaraHK-557	gururarthe ca kārpaṇyaṃ rauravaṃ narakaṃ vrajet ||	guruḥ arthe ca kārpaṇyam rauravam narakam vrajet 
SA_MBK_ulasaaraHK-558	guruvarge jyeṣṭavarge naiva pūjāvalādikaṃ |	guru varge jyeṣṭa varge nā eva pūjā vala ādikam 
SA_MBK_ulasaaraHK-559	anuṣṭānaṃ na kurvīta sasta?ṣāṃ caiva kārayet ||	anuṣṭānam na kurvīta ca eva kārayet 
SA_MBK_ulasaaraHK-560	15a)	Ro
SA_MBK_ulasaaraHK-561	jyeṣṭho dīkṣita matraśca dabhiṣekādi varjitaḥ |	jyeṣṭhaḥ 
SA_MBK_ulasaaraHK-562	kaniṣṭho yaṃ diśaṃ pūrṇaṃ kramapūjāṃ samācaret ||	kaniṣṭhaḥ yam diśam pūrṇam krama pūjām samācaret 
SA_MBK_ulasaaraHK-563	lalātamukhaṃ vṛttākṣi śrutighrāṇa gaṇḍayo |	lalāta mukham vṛtta akṣi śruti ghrāṇa 
SA_MBK_ulasaaraHK-564	oṣṭadantostamāṃgasya doḥsaṃdhagraheṣu ca ||	doḥ saṃdha graheṣu ca 
SA_MBK_ulasaaraHK-565	pārśvayoḥ pṛṣṭhato nābhau jathare hṛdayāṃśake |	pārśvayoḥ pṛṣṭhatas nābhau jathare hṛdaya aṃśake 
SA_MBK_ulasaaraHK-566	kakudvaṃge ca kṛtpūrvaṃ pānipāda tarantathā ||	kakud vaṃge ca kṛt pūrvam taran tathā 
SA_MBK_ulasaaraHK-567	jaṭharānānamontyasya mātṛkānāṃ yathā kramāt |	mātṛkānām yathā 
SA_MBK_ulasaaraHK-568	tasminnivedya tatsarvaṃ śeṣaṃ bhuṃjita pārvati ||	tasmin nivedya tat sarvam śeṣam bhuṃjita pārvati 
SA_MBK_ulasaaraHK-569	sthambhanaṃ caturasraṃ syān matsyāṃ gomukhameva ca |	sthambhanam catur asram syāt matsyām gomukham eva ca 
SA_MBK_ulasaaraHK-570	yoni surabhi vikhyātā mudrāpaṃca namaskṛtā ||	          
SA_MBK_ulasaaraHK-571	gururvā gurupatnī vā putrovātha samācaret |	guruḥ vā guru patnī vā putraḥ u vā atha samācaret 
SA_MBK_ulasaaraHK-572	jyeṣṭhā vā vyarcanā madhye sadyaśiṣyorcanāntyajet ||	jyeṣṭhā vā vyarcanā madhye sadya śiṣya ūrcanān tyajet 
SA_MBK_ulasaaraHK-573	ājñāyā pūjayechiṣya iti śāstresya nirṇayaḥ |	ājñāyā pūjayet śiṣyaḥ iti śāstre sya nirṇayaḥ 
SA_MBK_ulasaaraHK-574	guro jyeṣṭa vadhuśca tathā vakulanāyike ||	guroḥ jyeṣṭa vadhuḥ ca tathā 
SA_MBK_ulasaaraHK-575	nopaviśyapine dravyaṃ viniśāstrasya nirṇayaṃḥ |	na upaviśya pine dravyam viniśāstrasya nirṇayam 
SA_MBK_ulasaaraHK-576	svapātrevasthitaṃ dravyaṃ vandanā bhairavāya caḥ ||	sva pātra iva sthitam dravyam vandanā bhairavāya caḥ 
SA_MBK_ulasaaraHK-577	sa narasiddhihāniḥ syādvipadaśca pade pade |	sa nara siddhi hāniḥ syāt vipadaḥ ca pade pade 
SA_MBK_ulasaaraHK-578	padā tu paramānando divyapānena jāyate ||	padā tu parama ānandaḥ divya pānena jāyate 
SA_MBK_ulasaaraHK-579	15b)	Ro
SA_MBK_ulasaaraHK-580	tadātmamamajāyāntu raurava narakaṃ vrajet |	raurava narakam vrajet 
SA_MBK_ulasaaraHK-581	paradattārghapātraṃ ca pādukāmūlamantrataṃ ||	para datta arghapātram ca pādukā mūla mantratam 
SA_MBK_ulasaaraHK-582	cakramadhye grahītavyamanyathā patanaṃ bhavet |	cakra madhye grahītavyam anyathā patanam bhavet 
SA_MBK_ulasaaraHK-583	ekapātraṃ na kartavyaṃ yadi sākṣān kuleśvaśvarī ||	eka pātram na kartavyam yadi 
SA_MBK_ulasaaraHK-584	mantrāḥ parāṅmukhā yānti vipadaśca pade pade |	mantrāḥ parāṅmukhāḥ yānti vipadaḥ ca pade pade 
SA_MBK_ulasaaraHK-585	matsyaṃ māṃsaṃ tathā madyaṃ mudrāmaithunameva ca ||	matsyam māṃsam tathā madyam mudrā maithunam eva ca 
SA_MBK_ulasaaraHK-586	kuryā ca guru bhaktiśca tuṭyarthaṃ ca varānane |	kuryā ca guru bhaktiḥ ca tuṭi artham ca varānane 
SA_MBK_ulasaaraHK-587	dāridra nāśinī mudrā duḥkhākara? svarūpiṇī ||	dāridra nāśinī mudrā duḥkhākara svarūpiṇī 
SA_MBK_ulasaaraHK-588	kuṣṭarogopaśamanī tasmānmudrāṃ sadārcane |	kuṣṭa roga upaśamanī tasmāt mudrām sadā arcane 
SA_MBK_ulasaaraHK-589	adīkṣitairaṇācārai aniṣṭañca vivarjitaiḥ ||	a dīkṣitaiḥ aṇācāraiḥ vivarjitaiḥ 
SA_MBK_ulasaaraHK-590	sa paśuścaiva vyaktavya iti śāstra viniścayaḥ |	sa paśuḥ ca eva vyaktavyaḥ iti śāstra viniścayaḥ 
SA_MBK_ulasaaraHK-591	avasyai samaya draṣṭaiḥ kuryāddravyaṃ sa gachati ||	kuryāt dravyam sa gacchati 
SA_MBK_ulasaaraHK-592	aduṣṭairanya puruṣairdeśāntara nivāsibhiḥ |	aduṣṭaiḥ anya puruṣaiḥ deśa antara nivāsibhiḥ 
SA_MBK_ulasaaraHK-593	vināsaṃketa yogena na kuryāddravya sasmṛtaṃ ||	vinā saṃketa yogena na kuryāt dravya sa smṛtam 
SA_MBK_ulasaaraHK-594	āsanaṃ samanaṃ caiva bhojanavastrabhūṣaṇaṃ |	āsanam samanam ca eva bhojana vastra bhūṣaṇam 
SA_MBK_ulasaaraHK-595	pareravāṃ naiva kartavyaṃ yadīchedaiśvarī kalāṃ ||	nā eva kartavyam yadi ichet aiśvarī kalām 
SA_MBK_ulasaaraHK-596	adīkṣitena yaḥ kuryā pānabhojanasaṃgati |	a dīkṣitena yaḥ kuryāḥ pāna bhojana saṃgati 
SA_MBK_ulasaaraHK-597	śrīcakraṃ kārayed devi satsaṃsargādviśuddhaye ||	śrīcakram kārayet devi sat saṃsargāt viśuddhaye 
SA_MBK_ulasaaraHK-598	strīsuptaṃ gurusuptaṃ ca jyeṣṭa suptaṃ ca nāsvakāṃ |	strī suptam guru suptam ca jyeṣṭa suptam ca 
SA_MBK_ulasaaraHK-599	anāhūtaśca yoga chedā hūtā yo na gachati ||	anāhūtaḥ ca yoga hūtā yaḥ na gacchati 
SA_MBK_ulasaaraHK-600	śrīcakraṃ pratimūḍhātmā yoginī sāpa māpnuyāt |	śrī cakram pratimūḍha ātmā yoginī sā apa māpnuyāt 
SA_MBK_ulasaaraHK-601	16a)	Ro
SA_MBK_ulasaaraHK-602	bhojanānte viṣapānaṃ pānānte bhojanaṃ viṣaṃ |	bhojana ante viṣa pānam pāna ante bhojanam viṣam 
SA_MBK_ulasaaraHK-603	bhuktā ca mahā ca pītvā ca kuladravyaṃ nivedaye ||	bhuktā ca mahā ca pītvā ca kula dravyam nivedaye 
SA_MBK_ulasaaraHK-604	devatāśāpamāpnoti rauravaṃ narakaṃ vrajet |	devatā śāpam āpnoti rauravam narakam vrajet 
SA_MBK_ulasaaraHK-605	bhojanāṃnte pānaviṣaṃ pānānte bhojanaṃ viṣaṃ ||	bhojana ante pāna viṣam pāna ante bhojanam viṣam 
SA_MBK_ulasaaraHK-606	amṛtaṃ tada vijānīyādityarthaḥ sa kameva caḥ |	amṛtam vijānīyāt iti arthaḥ sa kam eva caḥ 
SA_MBK_ulasaaraHK-607	cakramadhye ghaṭe bhagnaṃ pātre vā patite yadi ||	cakra madhye ghaṭe bhagnam pātre vā patite yadi 
SA_MBK_ulasaaraHK-608	dīpanāśā pramāṇañca śrīcakraṃ kārayet punaḥ |	pramāṇam ca śrīcakram kārayet punar 
SA_MBK_ulasaaraHK-609	pātramādhārayedyastu yasthāpayati mūḍhadhīḥ ||	pātram ādhārayet yaḥ tu yaḥ sthāpayati mūḍha dhīḥ 
SA_MBK_ulasaaraHK-610	yoginī śāpamāpnoti vipadaśca pade pade |	yoginī śāpam āpnoti vipadaḥ ca pade pade 
SA_MBK_ulasaaraHK-611	pūjāgoṣṭaṃ ca no kuryāt pramādādahikārakeḥ ||	pūjā goṣṭam ca no kuryāt pramādāt ahi kārakeḥ 
SA_MBK_ulasaaraHK-612	pūjā nisphalatā tasya yoginī sāpamāpnuyāt |	pūjā nisphala tā tasya yoginī sā apamāpnuyāt 
SA_MBK_ulasaaraHK-613	mūladīkṣā vihīnaṃ ca pūjāṃ caivā paretsadā ||	mūla dīkṣāḥ vihīnam ca pūjām paret sadā 
SA_MBK_ulasaaraHK-614	gurusāpaṃ samasādyaṃ yoginī śāpamāpnuyāt |	guru sāpam samasādyam yoginī śāpam āpnuyāt 
SA_MBK_ulasaaraHK-615	ekahasta pibeddravyaṃ mudrā caivāpavarjitaṃ ||	eka hasta pibet dravyam mudrā ca eva apavarjitam 
SA_MBK_ulasaaraHK-616	savasennarake ghore yāvadindroścaturdaśaḥ |	sa vaset narake ghore yāvat indroḥ caturdaśaḥ 
SA_MBK_ulasaaraHK-617	ekāsane niśānātha maccayet kuladevatāṃ ||	eka āsane niśānātha maccayet kuladevatām 
SA_MBK_ulasaaraHK-618	sapustaścaiva vijñeyaḥ prāyaścitaṃ ca kārayet |	sa pustaḥ ca eva vijñeyaḥ prāyaścitam ca kārayet 
SA_MBK_ulasaaraHK-619	gātraṃ caiva vitānaṃ ca kaulānugraha vigrahau ||	gātram ca eva vitānam ca kaula anugraha vigrahau 
SA_MBK_ulasaaraHK-620	yadeva patanaṃ loke na devotpādanaṃ kule |	yat eva patanam loke na deva utpādanam kule 
SA_MBK_ulasaaraHK-621	lokotkṛṣṭaṃ ca niḥkṛṣṭaṃ vikraṃ ca tathottamaṃ ||	loka utkṛṣṭam ca niḥkṛṣṭam vikram ca tathā uttamam 
SA_MBK_ulasaaraHK-622	16b)	Ro
SA_MBK_ulasaaraHK-623	īśvara uvāca ||	īśvaraḥ uvāca 
SA_MBK_ulasaaraHK-624	śṛṇu devi pravakṣyāmi mantrayoga yathāvidhi |	śṛṇu devi pravakṣyāmi mantra yoga yathāvidhi 
SA_MBK_ulasaaraHK-625	ārtovidhāyamanasādhakaḥ saṃprapūjeyet ||	saṃprapūjeyet 
SA_MBK_ulasaaraHK-626	deśe vānapare grāme japatyobhaḥ prajāyate |	deśe vā anapare grāme japati ā ubhaḥ prajāyate 
SA_MBK_ulasaaraHK-627	te sthāne āsanaṃ dattaṃ smarejjaya na maṇḍalā ||	te sthāne āsanam dattam smaret jaya na 
SA_MBK_ulasaaraHK-628	iti śrīkulācāranirṇaye paṭalaṃ samāptaṃ ||	iti śrī kula ācāra nirṇaye paṭalam samāptam 
SA_MBK_ulasaaraHK-629	aṣṭi tatvāṃti me jantorabhyaṣṭeḥ sādhanocyate |	me jantoḥ abhyaṣṭeḥ sādhanā ucyate 
SA_MBK_ulasaaraHK-630	jñānināṃ karmiṇāṃ caiva sarvathātyaṣṭi rucyate ||	jñāninām karmiṇām ca eva sarvathā atyaṣṭi rucyate 
SA_MBK_ulasaaraHK-631	karmātmīlayate jñānaṃ jñānena śivatā bhave |	karma ātmīlayate jñānam jñānena śiva tā bhave 
SA_MBK_ulasaaraHK-632	śivaikyameva muktisyādataḥ sarvakarma samācaret ||	śiva aikyam eva muktiḥ syāt atas sarva karma samācaret 
SA_MBK_ulasaaraHK-633	paravyāpti gato yasya deśiko jyeṣṭa eva vā |	para vyāpti gataḥ yasya deśikaḥ jyeṣṭaḥ eva vā 
SA_MBK_ulasaaraHK-634	kaniṣṭo vā svayaṃ tasya deśikatvaṃ gatena saṃ ||	kaniṣṭaḥ vā svayam tasya deśika tvam gatena sam 
SA_MBK_ulasaaraHK-635	ātmanā vāpi kenārpityaṣṭi pannana kārayet |	ātmanā vā api kārayet 
SA_MBK_ulasaaraHK-636	yatu jñānakriyā tīvrādatyā sācicirā śive ||	jñāna kriyā tīvrā adatyā sācicirā śive 
SA_MBK_ulasaaraHK-637	mṛtyujñātvātmanonidvāntatpūrvaṃ saptame dine |	mṛtyu jñātvā ātmanaḥ nidvān tat pūrvam saptame dine 
SA_MBK_ulasaaraHK-638	paṃcamevā tṛtīye vā prathamevā svaśaktitaḥ ||	paṃcame iva tṛtīye vā prathamā iva sva śaktitaḥ 
SA_MBK_ulasaaraHK-639	ārabhya pratyahaṃ devi tvatpūjā caraṇāntikaṃ |	ārabhya pratyaham devi tvad pūjā caraṇa antikam 
SA_MBK_ulasaaraHK-640	pūrvāmṛtyudivase gotri bhiyajvanāṃ gaṇaiḥ ||	pūrvāmṛtyu divase gotri bhiyajvanām gaṇaiḥ 
SA_MBK_ulasaaraHK-641	śobhinībhiśca tanmadhya madhyāsīnaṃ guruṃ paraṃ |	śobhinībhiḥ ca tad madhye madhya āsīnam gurum param 
SA_MBK_ulasaaraHK-642	sarvopacāraiḥ saṃpūjya yoginī dravya pūjakaiḥ ||	sarva upacāraiḥ saṃpūjya yoginī dravya pūjakaiḥ 
SA_MBK_ulasaaraHK-643	17a)	Ro
SA_MBK_ulasaaraHK-644	praṇipatyakṣamasveha māmanā cāriṇaṃ prabho |	praṇipatya kṣamasva iha mām anā cāriṇam prabho 
SA_MBK_ulasaaraHK-645	mayākṛtaṃ yaduṣkarma prasīdasukṛta kuru ||	mayā akṛtam yat duṣkarma prasīda sukṛta kuru 
SA_MBK_ulasaaraHK-646	vijñāpyevaṃ guruṃ śiṣyo svartrinānidhanāni ca |	vijñāpya evam gurum śiṣyaḥ ca 
SA_MBK_ulasaaraHK-647	bhṛtyaputrakalatrādi śarīraṃ cānmanma saha ||	bhṛtya putra kalatra ādi śarīram ca an manma saha 
SA_MBK_ulasaaraHK-648	etasarvaṃ gṛhāṇeti vijñāpya gurave dadet |	gṛhāṇa iti vijñāpya gurave dadet 
SA_MBK_ulasaaraHK-649	paravyāpto guruścaitanmadhya śrīpādukā guroḥ ||	para vyāptaḥ guruḥ ca etad madhya śrī pādukāḥ guroḥ 
SA_MBK_ulasaaraHK-650	śuddhāsane pratiṣṭhāpya saṃpūjyaiva nivedayet |	śuddha āsane pratiṣṭhāpya saṃpūjya eva nivedayet 
SA_MBK_ulasaaraHK-651	vyādhyādi nātha pūjāyāmaśaktau padyaso bhavet ||	vyādhi ādi nātha pūjāyām aśaktau padyasaḥ bhavet 
SA_MBK_ulasaaraHK-652	jyeṣṭhaiḥ kaniṣṭhaiḥ pūrvairvā guropūjāṃ tu kārayet |	jyeṣṭhaiḥ kaniṣṭhaiḥ pūrvaiḥ vā guro pūjām tu kārayet 
SA_MBK_ulasaaraHK-653	mṛtesminnāsti gururvātha sadasvadabhāvataḥ ||	mṛte ismin na asti guruḥ vā atha sadasvat abhāvataḥ 
SA_MBK_ulasaaraHK-654	tadārjita dhanaṃ sarvaṃ caturddhādi bhaje tataḥ |	dhanam sarvam caturddhā ādi bhaje tatas 
SA_MBK_ulasaaraHK-655	bhādvayaṃ kalatrebhyo datvānyabhyo dvayantathā ||	kalatrebhyaḥ da tva anyabhyaḥ dvayan tathā 
SA_MBK_ulasaaraHK-656	dvayamabhyaṣṭi putrāyā bhāve bhāga dvayordvayoḥ |	dvayam abhyaṣṭi putrāyāḥ bhāve dvayoḥ dvayoḥ 
SA_MBK_ulasaaraHK-657	gurave ca sadasyebhyo gurvabhāve guroḥ kule ||	gurave ca sadasyebhyaḥ guru abhāve guroḥ kule 
SA_MBK_ulasaaraHK-658	datvāśiṣyatratrāvaṃ paścāt prakṣālya kusumādibhiḥ |	paścāt prakṣālya kusuma ādibhiḥ 
SA_MBK_ulasaaraHK-659	alaṃkṛtya smaśānītaṃ nātvā tatra nidhīpayet ||	alaṃkṛtya smaśānītam nātvā tatra 
SA_MBK_ulasaaraHK-660	saṃhārakramaśastasya dehe nyastāṃ pravinyaset |	saṃhāra kramaśas tasya dehe nyastām pravinyaset 
SA_MBK_ulasaaraHK-661	sahīramudrayādāya devatāstasya vehanaḥ ||	sa hīra mudrayā ādāya devatāḥ tasya vehanaḥ 
SA_MBK_ulasaaraHK-662	svadehe vinyaset paścāśāntāgau viśvaghasmare |	               
SA_MBK_ulasaaraHK-663	dhyātvā śrībhairavaṃ tantra natvātmamithuna dvayaṃ ||	dhyātvā śrī bhairavam tantra natvā ātma mithuna dvayam 
SA_MBK_ulasaaraHK-664	17b)	Ro
SA_MBK_ulasaaraHK-665	vighnadhanaṃ bhāsta * * danaleśuci vacase |	vighna dhanam vacase 
SA_MBK_ulasaaraHK-666	mahānalāya mahase viśvaika haviṣe namaḥ ||	mahā analāya mahase viśva eka haviṣe namaḥ 
SA_MBK_ulasaaraHK-667	iti mantra samuccārya kunachivayaṃ havi |	iti 
SA_MBK_ulasaaraHK-668	svalpaddaurvihigaṃ bhāga dvayasarvadhanādhikaṃ ||	bhāga dvaya sarva dhana adhikam 
SA_MBK_ulasaaraHK-669	vibhagyatatsuvidhinā śrāddha kuryāt sahādaraṃ |	kuryāt saha ādaram 
SA_MBK_ulasaaraHK-670	āsanaṃ śāpanaṃ pānaṃ vāsāsi vividhāni ca ||	āsanam śāpanam pānam vividhāni ca 
SA_MBK_ulasaaraHK-671	pānīya bhuktapātrāṇi sarvoya karaṇāni ca |	pānīya bhuktapātrāṇi sarvoya karaṇāni ca 
SA_MBK_ulasaaraHK-672	sarvopacāra sahitaṃ bhūmīṃ ca gurave dadet ||	sarva upacāra sahitam bhūmīm ca gurave dadet 
SA_MBK_ulasaaraHK-673	gurusthānīyakebhyo vāsagotrebhyotha vā punaḥ |	guru sthānīyakebhyaḥ vāsa gotrebhyaḥ atha vā punar 
SA_MBK_ulasaaraHK-674	kaulikebhyothavā deyaṃ paśubhyo tadācana ||	kaulikebhyaḥ thavā deyam paśubhyaḥ tadācana 
SA_MBK_ulasaaraHK-675	maraṇādi namārabhya māsevātha dāśāhnikaṃ |	maraṇa ādi māsā iva atha dāśa āhnikam 
SA_MBK_ulasaaraHK-676	cakrapūjāsamāyuktaṃ yāgaṃ kuryād dine pratiḥ ||	cakra pūjā samāyuktam yāgam kuryāt dine pratiḥ 
SA_MBK_ulasaaraHK-677	māsāhe vādaśāhe vā yoginyo yoginopi vā |	māsa ahe vā adaśa ahe vā yoginyaḥ vā 
SA_MBK_ulasaaraHK-678	prātani mantryasubhrātārācārbāhuya sādaraṃ ||	prātani sādaram 
SA_MBK_ulasaaraHK-679	pādaprakṣālanaṃ kṛtvā nivedaya * * nānta |	pāda prakṣālanam kṛtvā nivedaya 
SA_MBK_ulasaaraHK-680	saṃpūjya śivabhairkyarthaṃ gandhapuṣpākṣatādibhiḥ ||	saṃpūjya śiva bhairki artham gandha puṣpa akṣata ādibhiḥ 
SA_MBK_ulasaaraHK-681	sāpuṃnya vyaṃjanaṃ datvā dakṣiṇāṃ camba śāntitaḥ |	vyaṃjanam da tvā dakṣiṇām camba śāntitaḥ 
SA_MBK_ulasaaraHK-682	sādhārāṇi vinikṣipya pātrāṇi gurutaḥ pṛthak ||	sādhārāṇi vinikṣipya pātrāṇi gurutaḥ pṛthak 
SA_MBK_ulasaaraHK-683	divya ityeṇasaṃpūjya māṃsamatsyodanādibhiḥ |	divyaḥ iti eṇa saṃpūjya māṃsa matsya odana ādibhiḥ 
SA_MBK_ulasaaraHK-684	sāyūpaḥ vyaṃjanaṃ datvā dakṣiṇāṃ ca svaśaktitaḥ ||	sa āyūpaḥ vyaṃjanam da tvā dakṣiṇām ca sva śaktitaḥ 
SA_MBK_ulasaaraHK-685	18a)	Ro
SA_MBK_ulasaaraHK-686	yoginī cakra pūjānte kalaśasthāpayedatha |	yoginī cakra pūjā ante kalaśa sthāpayet atha 
SA_MBK_ulasaaraHK-687	śālitandula madhyastha divyadravyeṇa pūritaṃ ||	divya dravyeṇa pūritam 
SA_MBK_ulasaaraHK-688	vastra dvayena saṃveṣṭya navaratnaṃ vinikṣipet |	vastra dvayena saṃveṣṭya navaratnam vinikṣipet 
SA_MBK_ulasaaraHK-689	navātma mithunaiścāpi vaśinyādibhireva ca ||	mithunaiḥ ca api vaśinī ādibhiḥ eva ca 
SA_MBK_ulasaaraHK-690	mūlenāpi samāmaṃtryena dūrdhvaṃ kaśyabhājanaṃ |	mūlena api samāmaṃtryena dūrdhvam kaśya bhājanam 
SA_MBK_ulasaaraHK-691	suvarṇaropyapratiniśrepi cātrasaṃkṣipet ||	suvarṇa ropya pratiniśre pi 
SA_MBK_ulasaaraHK-692	navātmanāthaṃ saṃsthāpya kalaśā sthita vāriṇi |	navātmanātham saṃsthāpya 
SA_MBK_ulasaaraHK-693	tatra pretaṃ vicintyārtha pūjayet kuśumādibhiḥ ||	tatra pretam vicintya artha pūjayet kuśuma ādibhiḥ 
SA_MBK_ulasaaraHK-694	śālipiṣṭa kṛtadīpabhājanaṃ dvādaśāṃgulaṃ |	          
SA_MBK_ulasaaraHK-695	tatpātre sthāpayet pātra manunānena tatparaḥ ||	tad pātre sthāpayet pātra manunā anena tad paraḥ 
SA_MBK_ulasaaraHK-696	dīpaṃ prajvālya gavyena ghṛtena parameśvari |	dīpam prajvālya gavyena ghṛtena parameśvari 
SA_MBK_ulasaaraHK-697	vidyārūpaṃ vicityārthamanunānena tatparaṃ ||	vidyā rūpam vicitya artha manunā anena tat param 
SA_MBK_ulasaaraHK-698	svargārohapasopānaṃ niśrevitvadhirohinī |	svargāroha pa sopānam niśrevitu adhirohinī 
SA_MBK_ulasaaraHK-699	namāroyapaprāge divyasvecarapī padaṃ ||	padam 
SA_MBK_ulasaaraHK-700	iti mantraṃ samuccārya ṣaṭtriṃśattatvarūpiṇīṃ |	iti mantram samuccārya ṣaṭtriṃśat tatva rūpiṇīm 
SA_MBK_ulasaaraHK-701	niśreṇikāṃ samāropya nayedūrddha krameṇa tu ||	niśreṇikām samāropya nayet ūrddha krameṇa tu 
SA_MBK_ulasaaraHK-702	pṛthvī tatvaṃ layaṃ nītvā śivatatva padāvadhi |	pṛthvī tatvam layam nītvā śiva tatva pada avadhi 
SA_MBK_ulasaaraHK-703	tatvātīte paredhāmni prakāśānanda vigrahe ||	tatvā atīte paredhāmni prakāśa ānanda vigrahe 
SA_MBK_ulasaaraHK-704	nirvikalpe nirābhāse caitanye tatra yojayet |	nirvikalpe nirābhāse caitanye tatra yojayet 
SA_MBK_ulasaaraHK-705	18b)	Ro
SA_MBK_ulasaaraHK-706	praṇamya yoginī cakraṃ kriyeyaṃ sa parā bhavet |	praṇamya yoginī cakram kriyā iyam sa parā bhavet 
SA_MBK_ulasaaraHK-707	iti vijñāpya madyādyaiḥ prīṇayedyoginī gaṇaṃ ||	iti vijñāpya madya ādyaiḥ prīṇayet yoginī gaṇam 
SA_MBK_ulasaaraHK-708	rātrau jāgaraṇaṃ kuryā sā nandaṃ kaulikaiḥ saha |	rātrau jāgaraṇam kuryā sā nandam kaulikaiḥ saha 
SA_MBK_ulasaaraHK-709	prātaḥ pūrṇātmavaṃ kuryā cakra pūjā puraḥsaraṃ ||	prātar pūrṇātmavam kuryā cakra pūjā puraḥsaram 
SA_MBK_ulasaaraHK-710	ulūkhale samāropya haridrā mantramastriṇaḥ |	ulūkhale samāropya haridrāḥ mantram astriṇaḥ 
SA_MBK_ulasaaraHK-711	mūlena yoginībhistā mūlenāpi ca cūrṇayet ||	mūlena yoginībhiḥ tāḥ mūlena api ca cūrṇayet 
SA_MBK_ulasaaraHK-712	guruve devatāyai nā mūle naiva samarpayet |	guruve devatāyai nā mūle nā eva samarpayet 
SA_MBK_ulasaaraHK-713	bhairavānāñca śāktīnāṃ pratyaikaṃ mūddhni nikṣipet ||	bhairavānām ca śāktīnām mūddhni nikṣipet 
SA_MBK_ulasaaraHK-714	pūjayed yoginī cakramācāryāya sadakṣiṇāṃ |	pūjayet yoginī cakram ācāryāya sa dakṣiṇām 
SA_MBK_ulasaaraHK-715	praṇamya prārthanā pūrvaṃ pradadyāt pratimādikaṃ ||	praṇamya prārthanā pūrvam pradadyāt pratimā ādikam 
SA_MBK_ulasaaraHK-716	yāvat saṃvatsaraṃ nityaṃ śaktimekā samarcayet |	yāvat saṃvatsaram nityam śaktim ekā samarcayet 
SA_MBK_ulasaaraHK-717	trimāse vā mṛte trākṣe nidhovā vatsarovadhi ||	tri māse vā mṛte tra akṣe nidhaḥ vā vatsaraḥ uvadhi 
SA_MBK_ulasaaraHK-718	pūjaye yoginī cakraṃ matsyamāṃsaudanādibhiḥ |	pūjaye yoginī cakram matsya māṃsa odana ādibhiḥ 
SA_MBK_ulasaaraHK-719	saṃvatsarasamāpūrṇa bāhyābhyaṃtara pūjanaṃ ||	bāhya abhyaṃtara pūjanam 
SA_MBK_ulasaaraHK-720	kṛtvākhila kramāṇāṃ ca tatvātītai parātpare |	kṛtvā akhila kramāṇām ca tatva atītaiḥ parātpare 
SA_MBK_ulasaaraHK-721	nirābhāse raśe śānte śīvakūrvīta yojanaṃ ||	nirābhāse yojanam 
SA_MBK_ulasaaraHK-722	tataḥ pratyandamevaṃ hi kuryādṛkṣethavā nidhau |	tatas pratyandam evam hi kuryāt ṛkṣa ithavā nidhau 
SA_MBK_ulasaaraHK-723	kulajñānavihīnāye saṃsāra bhayamāchitāḥ ||	saṃsāra 
SA_MBK_ulasaaraHK-724	maraṇāt pūrvaṃmatīti gurujyeṣṭamathāpi vā |	maraṇāt guru jyeṣṭam atha api vā 
SA_MBK_ulasaaraHK-725	19a)	Ro
SA_MBK_ulasaaraHK-726	svagotrajñātvā śātyarthaṃ guru tatvā prayatnataḥ |	sva gotra jñātvā śāti artham guru tatvā prayatnataḥ 
SA_MBK_ulasaaraHK-727	saṃtoṣye dhanaṃ dhānyādyaimādaraṃ vihitāṃjali ||	saṃtoṣye dhanam dhānya ādyaiḥ ādaram vihita aṃjali 
SA_MBK_ulasaaraHK-728	deveśa deva svīkṛtya rakṣārakṣāṃ svamāṃ prabhā |	deveśa deva svīkṛtya rakṣā rakṣām prabhā 
SA_MBK_ulasaaraHK-729	mahyaṃ prasīdamannātha caivaṃ vijñāpaya vaṣṭadhaḥ ||	mahyam prasīdam annātha ca evam vijñāpaya vaṣṭadhas 
SA_MBK_ulasaaraHK-730	rogādajñamṛte tasya putryavādyā svagotrajā |	rogāt ajñam ṛte tasya putrī avādyā sva gotra jā 
SA_MBK_ulasaaraHK-731	svaśāntyān gṛṇambitra datvāṃ tvaṣṭiṃ ca kārayet ||	sva śāntyān tvaṣṭim ca kārayet 
SA_MBK_ulasaaraHK-732	śavasaṃhāramārabhya sarvavatsarāvadhi |	śava saṃhāram ārabhya sarva vatsara avadhi 
SA_MBK_ulasaaraHK-733	sādhāraṇa tu sarveṣāṃ karmavāṃtyaṣṭike mate ||	tu sarveṣām mate 
SA_MBK_ulasaaraHK-734	iti tatvāmarśāṃtyaṣṭikramaḥ aṣṭādaśollāsaḥ saṃpūrṇaṃ ||	iti tatva āmarśa aṃtyaṣṭi kramaḥ aṣṭādaśa ullāsaḥ saṃpūrṇam 
SA_MBK_ulasaaraHK-735	subhagānandanāthamate tu idaṃ aṣṭādaśollāśastu īśvaroktaṃ vā kvacit ācāryai	subhagānandanātha mate tu idam īśvara uktam vā kvacid ācāryaiḥ 
SA_MBK_ulasaaraHK-736	kṛtaṃ vaktuṃ naiva sakyate sādhakenāpi vicāraṃ kṛtvā karmādikaṃ kuryāt iti	kṛtam vaktum na eva sakyate sādhakena api vicāram kṛtvā karma ādikam kuryāt iti 
SA_MBK_ulasaaraHK-737	samvat 1929 śubham ||	samvat śubham 
SA_MBK_ulasaaraHK-738	MUKTABODHA INDOLOGICAL RESEARCH INSTITUTE©2011 Muktabodha Indological Research Institute  All Rights Reserved.E-texts may be viewed only online or downloaded for private study.E-texts may not, under any circumstances, be copied, republished,reproduced, distributed or sold, either in original or altered form, withoutthe express permission of Muktabodha Indological Research Institute in writing.Data-entered by the staff of Muktabodha under the direction of Mark S. G. Dyczkowski.	muktabodha indological research muktabodha indological research institute all rights reserved texts may be viewed only online or downloaded for private studye texts may not under any circumstances be copied republished reproduced distributed or sold either in original or altered form withoutthe express permission of muktabodha indological research institute in writing data entered by the staff of muktabodha under the direction of mark s g dyczkowski 
